DP Identifier,MSCIWorldTRI,TOP40,LEBUAGCH,LEBUCGCH,LEBUPFCH,LEBUWPCH
Date,MSCIWorldTRI Index,TOP40 Index,LEBUAGCH,LEBUCGCH,LEBUPFCH,LEBUWPCH
02/03/2020,9389.58,46648.2,2.982092,2.752218,2.795984,3.014395
03/03/2020,9251.94,47671.24,3.012572,2.771981,2.820884,3.046281
04/03/2020,9522.49,47560.68,3.011423,2.769777,2.81977,3.025327
05/03/2020,9310.32,47618.75,3.025122,2.785979,2.833895,3.056681
06/03/2020,9127.76,46759.72,2.994798,2.765279,2.807983,3.034221
09/03/2020,8474.22,43687.17,2.925643,2.732169,2.755181,2.98951
10/03/2020,8715.4,44252.34,2.901969,2.711198,2.733641,2.929634
11/03/2020,8376.69,43891.49,2.909313,2.717215,2.740003,2.952753
12/03/2020,7547.61,39536.18,2.792516,2.647769,2.645555,2.874353
13/03/2020,7995.9,39476.09,2.727922,2.591494,2.585961,2.770707
16/03/2020,7236.13,36301.81,2.618836,2.523856,2.496146,2.755276
17/03/2020,7534.47,37375.33,2.639235,2.536355,2.512613,2.763329
18/03/2020,7149.18,34715.64,2.518819,2.441154,2.404217,2.662249
19/03/2020,7203.14,34239.3,2.494064,2.435577,2.388546,2.633234
20/03/2020,7018.95,36302.3,2.53728,2.449451,2.41814,2.676981
23/03/2020,6811.45,34695.9,2.473689,2.40357,2.361487,2.640663
24/03/2020,7409.52,37550.72,2.495814,2.397782,2.371017,2.641639
25/03/2020,7594.07,39493.22,2.614169,2.498665,2.482696,2.738046
26/03/2020,7976.03,41110.45,2.692949,2.544872,2.546408,2.799971
27/03/2020,7770.76,39172.39,2.66229,2.538348,2.526725,2.807429
30/03/2020,7965.26,39756.74,2.672234,2.546296,2.534762,2.818225
31/03/2020,7890.18,40738.57,2.710792,2.583935,2.573428,2.844597
01/04/2020,7586.14,40027.41,2.685619,2.56808,2.552862,2.797623
02/04/2020,7678.51,41245.26,2.720103,2.581085,2.576428,2.824319
03/04/2020,7568.57,40873.41,2.729708,2.587095,2.583998,2.847337
06/04/2020,8014.41,42534.54,2.75577,2.596424,2.602275,2.858171
07/04/2020,8072.49,43590,2.826289,2.641566,2.661466,2.905838
08/04/2020,8266.02,42772.2,2.792805,2.626211,2.636307,2.890187
09/04/2020,8397.05,43837.45,2.826025,2.644897,2.663051,2.910026
14/04/2020,8551.84,45580.91,2.903801,2.702265,2.730901,2.982753
15/04/2020,8353.58,44202.9,2.898323,2.712764,2.732099,3.005711
16/04/2020,8371.6,44180,2.883596,2.70137,2.719102,2.978161
17/04/2020,8598.54,45044.37,2.911361,2.72253,2.743791,3.000009
20/04/2020,8498.51,44796.92,2.906292,2.728483,2.743623,3.010975
21/04/2020,8235.92,43737.55,2.844871,2.678737,2.687699,2.921623
22/04/2020,8389.98,44248.82,2.830155,2.661003,2.671761,2.894994
23/04/2020,8416.84,45661.96,2.870488,2.676387,2.700137,2.94816
24/04/2020,8474.03,45595.47,2.870898,2.67498,2.699823,2.945912
28/04/2020,8628.59,46100.71,2.887776,2.681792,2.712418,2.955481
29/04/2020,8831.92,46831.62,2.899009,2.688854,2.722175,2.948046
30/04/2020,8756.46,46348.26,2.890164,2.684177,2.715587,2.922461
04/05/2020,8523.04,45254.03,2.861918,2.675228,2.696431,2.901255
05/05/2020,8610.84,45210.39,2.863297,2.677928,2.698859,2.885479
06/05/2020,8566.4,45952.52,2.882286,2.694136,2.715975,2.917119
07/05/2020,8649.07,46096.03,2.890025,2.703494,2.724711,2.910737
08/05/2020,8802.88,47061.57,2.897338,2.707279,2.730656,2.908503
11/05/2020,8798.27,46359.51,2.89528,2.708708,2.729958,2.918894
12/05/2020,8685.99,46518.03,2.900961,2.713914,2.735687,2.914948
13/05/2020,8534.67,46416.44,2.88605,2.703657,2.722812,2.902472
14/05/2020,8542.91,45445.1,2.844222,2.676375,2.687156,2.882581
15/05/2020,8580.68,45948.36,2.853491,2.676183,2.69232,2.881055
18/05/2020,8840.99,47673.54,2.887708,2.699489,2.721704,2.898702
19/05/2020,8809.31,48160.65,2.923048,2.724425,2.752234,2.93337
20/05/2020,8941.51,48379.91,2.910436,2.7157,2.741706,2.910912
21/05/2020,8866.03,47232.26,2.909048,2.713917,2.740421,2.902403
22/05/2020,8857.84,46432.04,2.874351,2.698279,2.714475,2.879822
25/05/2020,8900.32,46351.26,2.859721,2.688984,2.702289,2.866256
26/05/2020,9039.17,46795.97,2.872145,2.692531,2.710859,2.865005
27/05/2020,9136.01,46600.64,2.891595,2.710219,2.729282,2.88966
28/05/2020,9185.91,47440.06,2.912769,2.720911,2.745619,2.907451
29/05/2020,9185.25,46544.79,2.900581,2.717219,2.737222,2.904778
01/06/2020,9254.22,46950.12,2.905276,2.719976,2.74111,2.902072
02/06/2020,9353.6,48318.29,2.936134,2.733041,2.763657,2.915825
03/06/2020,9506.44,49300.1,2.971095,2.752887,2.791571,2.94004
04/06/2020,9490.46,48837.53,2.9825,2.762989,2.802213,2.957469
05/06/2020,9697.09,50199.8,3.00674,2.768655,2.81789,2.974251
08/06/2020,9788.5,50117.63,3.014578,2.77119,2.823095,2.98962
09/06/2020,9734.54,49915.74,3.003365,2.764479,2.813948,2.988728
10/06/2020,9700.81,49204.82,2.978946,2.74865,2.793684,2.964393
11/06/2020,9218.89,48892.12,2.981059,2.755241,2.797511,2.978243
12/06/2020,9263.66,49247.69,2.955945,2.734989,2.774755,2.936345
15/06/2020,9293.99,47919.52,2.935508,2.72413,2.758432,2.935052
17/06/2020,9493.03,49661.14,2.9892,2.753815,2.800888,2.983999
18/06/2020,9483.87,49589.11,2.989256,2.759009,2.803116,2.992757
19/06/2020,9457.19,49812.34,3.005516,2.771377,2.817782,2.999174
22/06/2020,9495.88,49877.86,2.996666,2.764854,2.809887,2.991468
23/06/2020,9574.2,51193.19,3.013591,2.771433,2.822026,3.002103
24/06/2020,9334.82,50193.8,3.003333,2.769302,2.815314,3.004419
25/06/2020,9392.11,49732.92,2.978381,2.756533,2.796324,2.971014
26/06/2020,9237.29,49477.85,2.981713,2.762134,2.800809,2.973287
29/06/2020,9323.05,49920.09,2.97087,2.754008,2.791353,2.95467
30/06/2020,9432.11,50174.95,2.991639,2.771315,2.810143,2.993543
01/07/2020,9473.27,49570.88,3.006091,2.783504,2.823194,3.03231
02/07/2020,9545.2,50309.77,3.022056,2.788196,2.834016,3.036104
03/07/2020,9540.09,50179.89,3.021788,2.786465,2.832784,3.050609
06/07/2020,9702.7,50503.91,3.02745,2.785787,2.835478,3.05354
07/07/2020,9612.96,50922.32,3.036948,2.792993,2.843569,3.07522
08/07/2020,9653.71,51558.75,3.04868,2.794158,2.850513,3.072791
09/07/2020,9605.19,51536.91,3.054646,2.797805,2.855547,3.072781
10/07/2020,9686.07,51154.08,3.037411,2.792598,2.844006,3.056577
13/07/2020,9661.07,51874.81,3.056317,2.804247,2.85953,3.067182
14/07/2020,9734.77,51235.09,3.036436,2.794246,2.844265,3.054204
15/07/2020,9855.45,51606.7,3.048111,2.799378,2.853161,3.057069
16/07/2020,9812.88,51363.49,3.060723,2.808652,2.863881,3.076902
17/07/2020,9835.09,51515.88,3.058863,2.80677,2.862001,3.073436
20/07/2020,9917.06,51852.22,3.066391,2.810193,2.867502,3.082248
21/07/2020,9954.02,52016.52,3.076018,2.814597,2.874902,3.081213
22/07/2020,9980.86,51412.02,3.055724,2.808899,2.861596,3.063766
23/07/2020,9897.25,51683.61,3.073487,2.820543,2.876123,3.085514
24/07/2020,9826.72,51259.48,3.070386,2.82502,2.876564,3.085145
27/07/2020,9912.76,51914.08,3.063792,2.816295,2.869262,3.065405
28/07/2020,9862.59,52043.05,3.081914,2.828875,2.884743,3.088925
29/07/2020,9947.58,52245.75,3.085714,2.82764,2.886206,3.085867
30/07/2020,9881.42,51451.44,3.082802,2.832413,2.886621,3.102427
31/07/2020,9886.49,51368.82,3.082661,2.83588,2.888028,3.102791
03/08/2020,9968.63,51571.71,3.0839,2.840857,2.890487,3.11682
04/08/2020,10023.36,51951.34,3.094486,2.84821,2.899199,3.131016
05/08/2020,10105.36,53279.3,3.123365,2.8629,2.921378,3.148166
06/08/2020,10124.02,53350.88,3.141171,2.878897,2.937854,3.173314
07/08/2020,10108.67,52435.65,3.134533,2.880811,2.935208,3.175348
11/08/2020,10123.96,52831.61,3.146143,2.884261,2.942844,3.182362
12/08/2020,10263.61,53126.54,3.140208,2.878391,2.937141,3.172382
13/08/2020,10259.94,53082.08,3.14845,2.884753,2.944376,3.185393
14/08/2020,10235.57,52737.48,3.140607,2.882032,2.939035,3.174915
17/08/2020,10277.76,53140.21,3.14517,2.88516,2.94282,3.181083
18/08/2020,10302.01,52738.12,3.142006,2.882459,2.93998,3.177122
19/08/2020,10282.31,52137.86,3.123525,2.869143,2.92414,3.158962
20/08/2020,10260.46,51380.02,3.107803,2.864832,2.913708,3.15215
21/08/2020,10273.74,51669.18,3.111285,2.864304,2.915373,3.14896
24/08/2020,10381.9,52256.84,3.127106,2.866049,2.924955,3.148869
25/08/2020,10407.62,51767.88,3.116509,2.8621,2.917593,3.143823
26/08/2020,10507.11,52256.85,3.125044,2.867009,2.924326,3.15391
27/08/2020,10493.63,52583.7,3.141217,2.8779,2.937916,3.169849
28/08/2020,10555.53,51750.45,3.103462,2.851699,2.905792,3.133879
31/08/2020,10550.97,51225.46,3.099067,2.855512,2.905161,3.139631
01/09/2020,10601.89,51704.1,3.093131,2.851703,2.900607,3.122529
02/09/2020,10718.07,51678.3,3.105054,2.863721,2.912111,3.141838
03/09/2020,10426.59,50319.16,3.087765,2.855039,2.898915,3.130902
04/09/2020,10314.14,49720.42,3.055746,2.831118,2.871253,3.091864
07/09/2020,10350.79,50185.43,3.051706,2.826688,2.866898,3.086964
08/09/2020,10120.69,50182.96,3.070029,2.839817,2.882406,3.109566
09/09/2020,10290.39,50838.92,3.077086,2.834822,2.88416,3.092529
10/09/2020,10179.27,51532.12,3.111285,2.855904,2.911997,3.127901
11/09/2020,10181.03,51715.12,3.098166,2.847111,2.90096,3.114408
14/09/2020,10304.52,51976.82,3.104539,2.851485,2.906442,3.119368
15/09/2020,10354.58,51795.7,3.094795,2.846096,2.899034,3.110709
16/09/2020,10335.71,51629.73,3.082319,2.838446,2.888988,3.096986
17/09/2020,10250.18,50700.14,3.06245,2.828316,2.873704,3.081788
18/09/2020,10183.46,50399.16,3.04707,2.8189,2.861398,3.065156
21/09/2020,10018.33,49153.11,3.040323,2.821875,2.858385,3.081288
22/09/2020,10078.17,49126.16,3.010686,2.796389,2.8308,3.046771
23/09/2020,9915.99,50127.05,3.053679,2.825289,2.866741,3.093084
25/09/2020,10008.73,49547.74,3.023643,2.807736,2.842523,3.067018
28/09/2020,10178.87,50578.66,3.064347,2.830238,2.874664,3.098345
29/09/2020,10157.96,50319.94,3.061622,2.827036,2.871908,3.093339
30/09/2020,10191.08,50042.44,3.055356,2.82159,2.866137,3.082905
01/10/2020,10247.47,50159.14,3.056262,2.821201,2.866616,3.081164
02/10/2020,10171.74,49896.68,3.046756,2.813217,2.857882,3.073036
05/10/2020,10349.64,50183.12,3.046047,2.810114,2.856286,3.066689
06/10/2020,10259.87,49869.36,3.055237,2.817139,2.864185,3.088399
07/10/2020,10375.51,50412.19,3.052985,2.816109,2.862463,3.08558
08/10/2020,10455.21,50131.37,3.067691,2.826579,2.875001,3.102363
09/10/2020,10543.21,50781.18,3.076164,2.832303,2.88236,3.104579
12/10/2020,10673.13,51158.56,3.095946,2.846341,2.899226,3.123396
13/10/2020,10613.95,50722.36,3.092836,2.848672,2.898593,3.128972
14/10/2020,10569.11,51041.59,3.089956,2.84511,2.89543,3.122811
15/10/2020,10493.28,50503.89,3.086293,2.846035,2.893608,3.126112
16/10/2020,10511.53,50697.69,3.083102,2.843062,2.890868,3.11369
19/10/2020,10415.86,50741.94,3.089804,2.846832,2.896204,3.115522
20/10/2020,10436.58,50851.62,3.086464,2.842891,2.892647,3.110257
21/10/2020,10415.75,50905.12,3.08507,2.839836,2.89074,3.101314
22/10/2020,10430.15,50276.84,3.082383,2.83947,2.88923,3.096095
23/10/2020,10471.79,50692.28,3.099438,2.850051,2.903351,3.107986
26/10/2020,10297.54,50286.9,3.09037,2.844003,2.895576,3.102484
27/10/2020,10261.35,49560.81,3.074358,2.834787,2.883102,3.087504
28/10/2020,9938.2,47930.58,3.021827,2.805767,2.841614,3.050917
29/10/2020,9990.06,47576.46,2.972326,2.774236,2.800958,3.002717
30/10/2020,9881.08,47472.92,2.966854,2.769303,2.795919,2.998102
02/11/2020,10007.13,48392.97,2.97923,2.77306,2.804048,3.004331
03/11/2020,10210.41,48853.14,3.013204,2.792656,2.831204,3.026587
04/11/2020,10414.49,49300.89,3.034235,2.807918,2.849249,3.050273
05/11/2020,10631.3,50762.83,3.074431,2.837841,2.884582,3.074006
06/11/2020,10647.24,51876.24,3.097881,2.855845,2.905312,3.09585
09/11/2020,10786.33,52684.37,3.125658,2.869787,2.927044,3.092046
10/11/2020,10809.22,52922.51,3.159481,2.895727,2.956887,3.139738
11/11/2020,10900.6,52784.39,3.181666,2.906952,2.973901,3.159746
12/11/2020,10821.33,52335.71,3.163695,2.897079,2.959549,3.149196
13/11/2020,10908.46,52517.57,3.14441,2.883034,2.942709,3.130409
16/11/2020,11047.61,52551.86,3.158457,2.891853,2.954356,3.137461
17/11/2020,11035.49,52288.79,3.158802,2.892175,2.954653,3.146582
18/11/2020,10971.77,52518.35,3.171238,2.900622,2.965147,3.155149
19/11/2020,10985.12,51977.91,3.158356,2.896069,2.956261,3.146707
20/11/2020,10958.18,51915.4,3.139254,2.883072,2.94007,3.126517
23/11/2020,10988.7,52478.55,3.144611,2.885154,2.943897,3.12783
24/11/2020,11163.12,53049.43,3.160364,2.894221,2.956302,3.142734
25/11/2020,11174.1,52940.79,3.169361,2.900601,2.964126,3.152462
26/11/2020,11176.66,53084.13,3.179802,2.906458,2.97234,3.157917
27/11/2020,11226.37,53021.58,3.181642,2.907839,2.973857,3.168812
30/11/2020,11148.6,52375.5,3.16243,2.899356,2.959622,3.163633
01/12/2020,11261.66,52679.28,3.154977,2.891847,2.952302,3.149465
02/12/2020,11283.69,53219.69,3.182917,2.909203,2.974832,3.179722
03/12/2020,11317.04,54146.72,3.198403,2.915257,2.986022,3.185816
04/12/2020,11396.86,54500.04,3.209234,2.922309,2.995199,3.19216
07/12/2020,11380.8,54646.92,3.223056,2.933061,3.007406,3.207438
08/12/2020,11407.79,54262.51,3.212926,2.927366,2.999646,3.1917
09/12/2020,11345.62,54349.61,3.216516,2.927105,3.001455,3.190402
10/12/2020,11350.82,54334.2,3.212204,2.92729,2.999315,3.193108
11/12/2020,11322.17,54458.61,3.216955,2.933577,3.004636,3.197544
14/12/2020,11312.87,54520.69,3.221808,2.934844,3.007914,3.191954
15/12/2020,11417.98,54466.51,3.226845,2.938233,3.012161,3.192845
17/12/2020,11553.63,55484.28,3.233805,2.942229,3.017717,3.192765
18/12/2020,11517.25,54692.4,3.236491,2.944254,3.019911,3.192269
21/12/2020,11425.39,53784.25,3.195149,2.920787,2.986911,3.175378
22/12/2020,11417.77,53648.03,3.190466,2.915329,2.982039,3.15798
23/12/2020,11454.05,53958.73,3.193707,2.91668,2.984349,3.158239
24/12/2020,11487.87,54125.23,3.20903,2.926172,2.996749,3.172762
28/12/2020,11564.6,53956.26,3.201161,2.918628,2.989263,3.154974
29/12/2020,11588.98,54196.13,3.20727,2.918798,2.992301,3.162063
30/12/2020,11607.42,54615.33,3.218269,2.930058,3.003523,3.176367
31/12/2020,11625.2,54379.58,3.222228,2.933929,3.007445,3.181942
04/01/2021,11539.81,55438.07,3.238037,2.94904,3.022798,3.206976
05/01/2021,11601.81,55976.32,3.26667,2.972578,3.04881,3.24624
06/01/2021,11668.2,56877.6,3.292653,2.988187,3.069454,3.266696
07/01/2021,11819.98,58006.23,3.343956,3.023379,3.112776,3.323386
08/01/2021,11903.57,58423.34,3.366651,3.033722,3.129363,3.339672
11/01/2021,11803.02,58717.77,3.386353,3.053369,3.148692,3.379099
12/01/2021,11821.83,58492.92,3.362615,3.035092,3.128006,3.344279
13/01/2021,11845.61,58337.66,3.366804,3.034269,3.129783,3.339314
14/01/2021,11838.92,58735.95,3.357806,3.026779,3.121514,3.330943
15/01/2021,11738.4,58446.35,3.358041,3.027342,3.122002,3.334093
18/01/2021,11733.11,58548.17,3.354809,3.02585,3.119595,3.329735
19/01/2021,11815.58,58358.85,3.349712,3.017765,3.113197,3.308077
20/01/2021,11941.06,58857.76,3.358301,3.024637,3.12082,3.319117
21/01/2021,11959.33,58969.37,3.362413,3.027785,3.124253,3.323434
22/01/2021,11916.61,58886.26,3.358771,3.030772,3.123674,3.331629
25/01/2021,11922.09,59408.05,3.37516,3.04114,3.137023,3.345539
26/01/2021,11910.22,58720.55,3.363546,3.034992,3.127914,3.336435
27/01/2021,11652.11,57644.44,3.353415,3.031378,3.120861,3.331306
28/01/2021,11722.89,58084.46,3.333117,3.014575,3.102534,3.299426
29/01/2021,11512.43,57312.45,3.313835,3.000746,3.085952,3.279453
01/02/2021,11669,57670.4,3.308312,2.998945,3.082417,3.263633
02/02/2021,11816.46,57585.13,3.32319,3.012533,3.096428,3.282191
03/02/2021,11842.34,57828.55,3.345094,3.027236,3.115037,3.300204
04/02/2021,11929.16,58493.74,3.386654,3.055182,3.149922,3.338071
05/02/2021,11998.47,58877.36,3.412735,3.067611,3.169531,3.3562
08/02/2021,12095.73,59647.94,3.417587,3.069394,3.172914,3.361599
09/02/2021,12108.55,59663.77,3.422234,3.070646,3.17602,3.362633
10/02/2021,12117.97,60637.7,3.437389,3.077845,3.187502,3.370255
11/02/2021,12147.9,60420.45,3.422436,3.071882,3.176844,3.356588
12/02/2021,12199.04,60673.94,3.446321,3.086101,3.196282,3.376296
15/02/2021,12246,61674.76,3.451595,3.084116,3.198217,3.373134
16/02/2021,12241.15,61775.45,3.461802,3.089445,3.206128,3.392016
17/02/2021,12189.62,61738.47,3.457651,3.091329,3.204662,3.397761
18/02/2021,12134.6,61206.58,3.434975,3.072466,3.184021,3.370027
19/02/2021,12150.49,62105.24,3.434998,3.068732,3.182286,3.372049
22/02/2021,12071.74,61903.64,3.458539,3.082124,3.200915,3.400321
23/02/2021,12076.88,60493.97,3.423759,3.064121,3.174467,3.362938
24/02/2021,12134.4,60747.41,3.429233,3.071141,3.180762,3.358064
25/02/2021,11954.61,62063.35,3.449598,3.080393,3.19552,3.390292
26/02/2021,11811.31,60754.3,3.424222,3.065962,3.175745,3.372077
01/03/2021,12057.99,62107.04,3.460994,3.089884,3.205831,3.394774
02/03/2021,11991.22,63104.7,3.489874,3.105365,3.227902,3.429002
03/03/2021,11876.95,62861.62,3.489454,3.106103,3.228252,3.419746
04/03/2021,11730.27,62250.03,3.495055,3.105739,3.231081,3.424907
05/03/2021,11826.37,62788.64,3.507384,3.110785,3.239986,3.440676
08/03/2021,11800.83,62910.6,3.520902,3.11547,3.248777,3.466019
09/03/2021,11971.97,63098.33,3.539541,3.125766,3.263842,3.473363
10/03/2021,12031.15,62886.16,3.528337,3.11635,3.253338,3.460136
11/03/2021,12165.47,63187.54,3.533978,3.120291,3.25794,3.455133
12/03/2021,12172.43,62587.78,3.522584,3.115172,3.249606,3.457821
15/03/2021,12236.33,61921.05,3.525389,3.117626,3.252212,3.458593
16/03/2021,12244.66,61623.63,3.516456,3.112479,3.24501,3.450564
17/03/2021,12258.3,60810.17,3.503857,3.102801,3.233821,3.444151
18/03/2021,12154.7,61050.33,3.492498,3.090359,3.221809,3.434367
19/03/2021,12128.91,60313.4,3.467852,3.080167,3.204643,3.411562
23/03/2021,12093.79,59793.26,3.447496,3.063557,3.185927,3.400794
24/03/2021,12004.42,59768.81,3.43612,3.06231,3.179619,3.386441
25/03/2021,12040.32,59278.89,3.439702,3.064204,3.182285,3.394565
26/03/2021,12213.9,61244.27,3.492653,3.091351,3.222552,3.435596
29/03/2021,12199.99,61443.9,3.51541,3.107853,3.242212,3.458797
30/03/2021,12181.27,61589.91,3.513241,3.102395,3.238451,3.455577
31/03/2021,12211.12,60881.15,3.492022,3.089655,3.221463,3.43118
01/04/2021,12335.87,61590.24,3.500663,3.092696,3.227244,3.435451
06/04/2021,12494.68,62372.24,3.516358,3.103568,3.240665,3.444445
07/04/2021,12516.28,61409.52,3.515133,3.109295,3.242668,3.449546
08/04/2021,12581.62,61303.19,3.513548,3.109255,3.24184,3.445163
09/04/2021,12645.52,61458.47,3.519072,3.117203,3.248417,3.455588
12/04/2021,12633.3,60672.56,3.510404,3.113224,3.241922,3.450659
13/04/2021,12681.25,61382.99,3.521096,3.116314,3.248852,3.459684
14/04/2021,12662.16,62084.39,3.530389,3.123961,3.257491,3.457707
15/04/2021,12785.49,62080.02,3.528021,3.121187,3.25526,3.444999
16/04/2021,12836.46,62898.13,3.55873,3.142696,3.281269,3.476361
19/04/2021,12798.84,62325.85,3.556777,3.141255,3.27954,3.473924
20/04/2021,12677.26,61116.77,3.527636,3.124773,3.256631,3.453714
21/04/2021,12752.39,61399.26,3.513401,3.116033,3.244974,3.43866
22/04/2021,12714.31,61182.94,3.521768,3.122944,3.252627,3.448038
23/04/2021,12811.24,61478.76,3.518565,3.117972,3.248363,3.446382
26/04/2021,12855.14,61716.82,3.531363,3.125376,3.258583,3.460382
28/04/2021,12838.4,61838.56,3.549208,3.134281,3.272021,3.476284
29/04/2021,12889.72,61508.38,3.553359,3.138943,3.276535,3.484968
30/04/2021,12784.97,61096.37,3.540714,3.133779,3.267318,3.484375
03/05/2021,12828.39,60769.69,3.511451,3.115989,3.24384,3.458515
04/05/2021,12715.17,60376.47,3.508985,3.120507,3.244932,3.45732
05/05/2021,12761.28,61536.47,3.533158,3.132032,3.263056,3.467395
06/05/2021,12848.51,61705.88,3.540494,3.135193,3.26856,3.465529
07/05/2021,12970.77,62573.36,3.558674,3.144117,3.282344,3.474662
10/05/2021,12895.12,62389.39,3.573059,3.155897,3.29549,3.488418
11/05/2021,12750.62,61320.37,3.540604,3.138725,3.270857,3.456756
12/05/2021,12527.45,61529.14,3.524059,3.123652,3.254811,3.440616
13/05/2021,12599.46,60211.08,3.495689,3.106666,3.232254,3.415066
14/05/2021,12801.36,60573.37,3.509004,3.115802,3.243309,3.426079
17/05/2021,12783.09,61193.22,3.53209,3.131979,3.262776,3.454565
18/05/2021,12760.83,61189.94,3.525064,3.125735,3.256373,3.440422
19/05/2021,12684.86,59776.91,3.510343,3.117579,3.244713,3.432343
20/05/2021,12823.8,60068.05,3.504372,3.114276,3.240182,3.422593
21/05/2021,12828.31,60210,3.50973,3.119826,3.245564,3.425429
24/05/2021,12932.22,60056.92,3.498308,3.114064,3.236819,3.418797
25/05/2021,12929.13,60106.11,3.503372,3.119049,3.241915,3.419146
26/05/2021,12946.81,60093.24,3.502872,3.119152,3.241714,3.418358
27/05/2021,12952.86,60802.01,3.524509,3.128443,3.257427,3.430763
28/05/2021,12992.18,61345.49,3.552182,3.145168,3.279934,3.456425
31/05/2021,12976.58,61782.86,3.561937,3.151105,3.28802,3.462446
01/06/2021,13004.12,62698.9,3.58541,3.165899,3.307032,3.479809
02/06/2021,13022.93,62786.67,3.589038,3.167174,3.309835,3.478928
03/06/2021,12967.81,61573.32,3.560367,3.151593,3.287412,3.455882
04/06/2021,13074.8,61616.8,3.552391,3.144828,3.280139,3.441989
07/06/2021,13091.02,61387.75,3.551896,3.149589,3.282172,3.439918
08/06/2021,13095.04,61452.39,3.556681,3.156753,3.288141,3.448982
09/06/2021,13072.85,61433.18,3.567521,3.162819,3.296649,3.458266
10/06/2021,13120.63,61291.03,3.572622,3.164657,3.299964,3.463853
11/06/2021,13143.63,61444.66,3.576417,3.170566,3.30476,3.469486
14/06/2021,13177.2,61653.75,3.594177,3.181131,3.318847,3.489076
15/06/2021,13166.54,61061.79,3.574397,3.169333,3.30303,3.478186
17/06/2021,13076.58,60399.88,3.563841,3.165391,3.295487,3.485678
18/06/2021,12892.29,59503.87,3.551283,3.164112,3.288454,3.481854
21/06/2021,13014.88,59472.25,3.51962,3.139165,3.259965,3.454915
22/06/2021,13097.97,59493.46,3.530871,3.149006,3.270373,3.474638
23/06/2021,13084.48,59764.05,3.53777,3.151409,3.275113,3.469594
24/06/2021,13153.39,60188.42,3.550794,3.160536,3.286146,3.479386
25/06/2021,13204.23,60140.15,3.548385,3.154779,3.282078,3.474684
28/06/2021,13205.44,59820.66,3.548999,3.160515,3.284917,3.488941
29/06/2021,13204.94,60495.83,3.563188,3.16774,3.295492,3.489549
30/06/2021,13174.28,60161.76,3.552611,3.160877,3.286779,3.475346
01/07/2021,13222.96,60476.77,3.586698,3.189209,3.317477,3.530102
02/07/2021,13302.25,60292.64,3.582832,3.187429,3.314794,3.529562
05/07/2021,13318.95,60082.2,3.578493,3.187418,3.312476,3.525648
06/07/2021,13287.98,59756.87,3.585402,3.192934,3.318659,3.531149
07/07/2021,13318.78,60705.57,3.60269,3.201477,3.33159,3.542925
08/07/2021,13201.38,59106.4,3.572184,3.185764,3.30803,3.526355
09/07/2021,13336.42,60221.84,3.580906,3.188191,3.313866,3.520789
12/07/2021,13402.59,61080.8,3.608719,3.206625,3.336877,3.555897
13/07/2021,13363.34,60943.22,3.612193,3.211025,3.340539,3.573126
14/07/2021,13361.41,61753.54,3.638354,3.225508,3.360931,3.59058
15/07/2021,13295.92,61439.11,3.619393,3.214575,3.346053,3.572155
16/07/2021,13213.49,60437.58,3.594769,3.199463,3.326295,3.547265
19/07/2021,12999.53,58795.32,3.545629,3.171969,3.287639,3.515305
20/07/2021,13132.19,59668.22,3.551891,3.174984,3.291929,3.51487
21/07/2021,13267.04,60502.39,3.582471,3.192704,3.316248,3.543465
22/07/2021,13310.94,61309.13,3.606462,3.208363,3.336276,3.565392
23/07/2021,13424.55,61932.98,3.630548,3.223931,3.356044,3.58928
26/07/2021,13459.83,61946.37,3.645842,3.240108,3.371416,3.607141
27/07/2021,13409.46,61208.33,3.622919,3.227711,3.353641,3.589787
28/07/2021,13412.26,62368.63,3.645642,3.238801,3.370762,3.60232
29/07/2021,13502.35,63394.89,3.659773,3.242241,3.379982,3.599313
30/07/2021,13413.45,62852.28,3.65526,3.242328,3.377561,3.601712
02/08/2021,13447.88,62704,3.646147,3.235249,3.369781,3.58297
03/08/2021,13515.21,62543.44,3.635172,3.229002,3.361169,3.575393
04/08/2021,13486.23,62750.03,3.64751,3.233313,3.369813,3.582194
05/08/2021,13559.25,62199.85,3.658459,3.240728,3.378974,3.596395
06/08/2021,13542.21,62509.23,3.665687,3.246884,3.385507,3.612952
10/08/2021,13549.24,63541.21,3.685934,3.263057,3.403341,3.640314
11/08/2021,13595.36,63488.73,3.690986,3.2635,3.406228,3.638681
12/08/2021,13626.6,63276.98,3.693917,3.269948,3.410872,3.64639
13/08/2021,13668.59,63269.04,3.701361,3.275634,3.417395,3.654222
16/08/2021,13655.66,62607.03,3.707958,3.280204,3.422936,3.658348
17/08/2021,13561.23,62657.34,3.731854,3.298567,3.443827,3.681814
18/08/2021,13466.24,61608.96,3.725277,3.291493,3.437066,3.671247
19/08/2021,13404.03,59854.78,3.691112,3.276317,3.412099,3.654332
20/08/2021,13478.03,59800.02,3.682476,3.273075,3.406017,3.651543
23/08/2021,13621.32,60562.05,3.711908,3.291015,3.429899,3.670579
24/08/2021,13662.91,61180.29,3.725545,3.29719,3.440055,3.678103
25/08/2021,13680.03,61212.12,3.721125,3.294709,3.436642,3.674166
26/08/2021,13612.92,60854.92,3.719971,3.294493,3.435985,3.673955
27/08/2021,13715.63,61393.15,3.719153,3.291585,3.434362,3.664029
30/08/2021,13773.42,60750.09,3.708458,3.285963,3.426348,3.650671
31/08/2021,13751.46,61039.26,3.721809,3.290966,3.435752,3.658057
01/09/2021,13797.43,60612.64,3.707292,3.279279,3.422857,3.640685
02/09/2021,13844.94,60357.49,3.689821,3.269033,3.409018,3.627312
03/09/2021,13856.31,60106.72,3.683914,3.266427,3.404683,3.624144
06/09/2021,13881.86,60035.8,3.667321,3.255617,3.390953,3.609228
07/09/2021,13835.52,60340.77,3.680174,3.263028,3.401063,3.624374
08/09/2021,13783.49,59378.55,3.656255,3.248823,3.381928,3.601664
09/09/2021,13736.56,58020.55,3.606616,3.218424,3.341663,3.559525
10/09/2021,13675.81,58175.75,3.610154,3.21993,3.344242,3.559369
13/09/2021,13693.56,58494.78,3.619158,3.223754,3.350727,3.565472
14/09/2021,13651.93,58115.08,3.632577,3.234971,3.362937,3.582051
15/09/2021,13703.24,58229.94,3.643666,3.241702,3.371901,3.590466
16/09/2021,13681.18,57098.19,3.634439,3.243791,3.367697,3.600436
17/09/2021,13567.5,56605.25,3.644393,3.248032,3.374906,3.609875
20/09/2021,13347.05,55246.07,3.605785,3.226786,3.34439,3.587744
21/09/2021,13363.34,56085.63,3.625342,3.236611,3.359352,3.593888
22/09/2021,13471.49,56938.31,3.652303,3.249047,3.379335,3.608487
23/09/2021,13612.51,57642.54,3.656634,3.250184,3.382202,3.607952
27/09/2021,13565.5,57784.27,3.69951,3.278751,3.417698,3.668899
28/09/2021,13291.31,57462.19,3.704467,3.281426,3.421452,3.673897
29/09/2021,13282.47,58022.33,3.703523,3.27958,3.420159,3.662408
30/09/2021,13186.53,57863.4,3.713213,3.283749,3.427148,3.664242
01/10/2021,13257.86,57265.62,3.682393,3.264453,3.402251,3.635813
04/10/2021,13128.53,57754.97,3.689976,3.267747,3.407524,3.648773
05/10/2021,13231.73,58097.72,3.693156,3.267445,3.408951,3.648974
06/10/2021,13230.7,57523.81,3.699966,3.271807,3.414442,3.662582
07/10/2021,13367.39,58721.8,3.693841,3.26597,3.408765,3.643167
08/10/2021,13355.29,58839.09,3.71278,3.278265,3.424467,3.664074
11/10/2021,13301.88,59662.98,3.733297,3.288771,3.44001,3.684586
12/10/2021,13271.83,59501.73,3.731261,3.286874,3.438078,3.680352
13/10/2021,13334.8,59516.75,3.720138,3.281933,3.430165,3.663149
14/10/2021,13535.9,60391.05,3.727234,3.285129,3.435374,3.667294
15/10/2021,13645.12,60494.02,3.739905,3.292726,3.44561,3.679867
18/10/2021,13665.63,60220.45,3.750867,3.301168,3.455216,3.697925
19/10/2021,13763.13,60190.06,3.736022,3.290992,3.442883,3.676448
20/10/2021,13813.71,60347.45,3.732038,3.290119,3.440531,3.670494
21/10/2021,13834.82,59535.08,3.727745,3.287995,3.437022,3.680156
22/10/2021,13829.98,60524.55,3.74845,3.297991,3.452456,3.701824
25/10/2021,13868.63,60445.78,3.751684,3.299669,3.454834,3.707325
26/10/2021,13901.82,61024.55,3.77366,3.316293,3.474158,3.72428
27/10/2021,13834.55,60874.44,3.783003,3.328206,3.484504,3.743781
28/10/2021,13955.6,61093.41,3.791179,3.331939,3.490442,3.751898
29/10/2021,13936.99,60807.87,3.793286,3.337956,3.494298,3.762176
02/11/2021,14029.3,61158.14,3.831517,3.365358,3.52665,3.805277
03/11/2021,14102.59,61876.97,3.843433,3.371054,3.535448,3.815248
04/11/2021,14158.05,61409.93,3.836883,3.362304,3.528217,3.798498
05/11/2021,14192.9,61115.79,3.840406,3.373599,3.535313,3.811046
08/11/2021,14217.35,61317.75,3.828014,3.367025,3.526013,3.790412
09/11/2021,14174.78,61246.7,3.839581,3.376843,3.536714,3.798695
10/11/2021,14061.71,61537.83,3.843049,3.383495,3.541443,3.812308
11/11/2021,14064.37,62381.97,3.864332,3.396215,3.558625,3.823373
12/11/2021,14161.59,63263.4,3.850914,3.384718,3.54609,3.815523
15/11/2021,14174.35,63480.76,3.856732,3.388754,3.551078,3.820575
16/11/2021,14199.17,64281.45,3.88535,3.405497,3.573848,3.848452
17/11/2021,14152.98,64337.17,3.896527,3.414065,3.583638,3.866642
18/11/2021,14177.78,64288.72,3.899923,3.42009,3.588098,3.877659
19/11/2021,14149.62,63870.65,3.87418,3.405568,3.567857,3.859993
22/11/2021,14070.39,64384.46,3.887253,3.411516,3.577359,3.870976
23/11/2021,14050.39,64566.39,3.879216,3.402801,3.568765,3.86926
24/11/2021,14056.29,64169.17,3.869842,3.399741,3.562457,3.862935
25/11/2021,14075.85,64062.74,3.871251,3.397879,3.56232,3.860267
26/11/2021,13766.39,62410.83,3.82412,3.378325,3.528188,3.84794
29/11/2021,13871.64,63600.61,3.851656,3.390673,3.548427,3.850397
30/11/2021,13636.23,64063.82,3.85863,3.393889,3.553709,3.848996
01/12/2021,13576.29,64785.66,3.854821,3.384239,3.547348,3.821358
02/12/2021,13680.15,64555.25,3.856566,3.387843,3.549917,3.824991
03/12/2021,13571.91,64306.68,3.879928,3.404961,3.570257,3.848206
06/12/2021,13707.92,64598.46,3.880043,3.40922,3.572315,3.843137
07/12/2021,14002.13,66513.46,3.917677,3.434104,3.603735,3.877236
08/12/2021,14056.26,65992.71,3.915673,3.430071,3.60096,3.874815
09/12/2021,13952.44,65779.5,3.913323,3.431899,3.600488,3.884665
10/12/2021,14021.9,65390.32,3.892432,3.417099,3.582531,3.867353
13/12/2021,13906.78,65177.02,3.893776,3.421806,3.585468,3.873355
14/12/2021,13803.13,65212.46,3.89707,3.427184,3.589724,3.874669
15/12/2021,13966.32,65102.29,3.90587,3.43054,3.595778,3.878477
17/12/2021,13811.99,64680.34,3.903618,3.429328,3.594309,3.864058
20/12/2021,13639.44,63652.47,3.858473,3.405863,3.559872,3.821636
21/12/2021,13868.05,64611.7,3.885509,3.416877,3.578873,3.836762
22/12/2021,14006.79,64803.84,3.898848,3.426819,3.590586,3.859783
23/12/2021,14106.21,65125.68,3.904791,3.42796,3.594427,3.858559
24/12/2021,14109.73,65023.34,3.898409,3.423363,3.589008,3.851092
28/12/2021,14252.74,65864.13,3.929414,3.444738,3.615092,3.88539
29/12/2021,14274.39,66613.94,3.954842,3.460094,3.635403,3.912822
30/12/2021,14246.01,67129.53,3.97447,3.470381,3.650433,3.933932
31/12/2021,14223.14,67052.4,3.976462,3.474818,3.653656,3.933813
03/01/2022,14266.32,67025.54,3.9968,3.488497,3.670687,3.951703
04/01/2022,14296.44,68398.98,4.022409,3.501601,3.689934,3.98303
05/01/2022,14098.73,68367.16,4.01828,3.496738,3.685821,3.970983
06/01/2022,14018.45,67420.2,3.981333,3.471617,3.655048,3.929132
07/01/2022,13989.32,67251.03,3.971624,3.466656,3.647798,3.916546
10/01/2022,13939.14,67114.14,3.984635,3.470033,3.656072,3.92541
11/01/2022,14059.12,67302.2,3.976401,3.461696,3.64781,3.916812
12/01/2022,14151.07,69206.77,4.001755,3.47281,3.666565,3.924492
13/01/2022,14010.98,69187.73,4.010033,3.478581,3.673616,3.932385
14/01/2022,13971.49,68448.15,3.996011,3.474681,3.664491,3.91847
17/01/2022,13985.01,68889.24,4.00467,3.479942,3.671482,3.92444
18/01/2022,13756.26,68281.9,3.990729,3.473456,3.661162,3.913121
19/01/2022,13643.74,69512.97,3.996457,3.475682,3.665258,3.909847
20/01/2022,13572.49,69586.74,3.99839,3.478022,3.667392,3.907622
21/01/2022,13320.91,68186.16,3.960366,3.453795,3.636342,3.86393
24/01/2022,13235.23,65653.18,3.905899,3.423123,3.593267,3.817221
25/01/2022,13103.33,65869.53,3.901232,3.421222,3.590003,3.80898
26/01/2022,13121.99,67363.61,3.909378,3.419251,3.59331,3.80094
27/01/2022,13015.27,67070.04,3.909419,3.421418,3.594238,3.810018
28/01/2022,13237.84,67021.38,3.921879,3.430896,3.605169,3.823801
31/01/2022,13473.44,67820.89,3.952261,3.447995,3.62899,3.849935
01/02/2022,13594.9,68374.94,3.97893,3.463229,3.650329,3.865395
02/02/2022,13714.89,68655.58,3.994055,3.476664,3.664415,3.885582
03/02/2022,13445.13,68461.21,3.996018,3.479814,3.666898,3.891953
04/02/2022,13486.38,68678.91,3.995232,3.481241,3.667062,3.889076
07/02/2022,13477.65,69197.64,4.004792,3.483777,3.673172,3.898772
08/02/2022,13555.69,69526.76,4.022362,3.492333,3.686385,3.907469
09/02/2022,13767.35,70105.79,4.026447,3.493817,3.689373,3.909047
10/02/2022,13605.79,69944.22,4.028689,3.497211,3.692316,3.911974
11/02/2022,13391.97,69681.32,4.021884,3.490711,3.685774,3.900092
14/02/2022,13270.95,69130.81,4.006116,3.481739,3.673292,3.878765
15/02/2022,13460.66,69169.36,4.007235,3.481323,3.6737,3.874279
16/02/2022,13488.93,69735.63,4.033744,3.500052,3.696503,3.897623
17/02/2022,13265.26,69406.88,4.014246,3.487565,3.680565,3.87644
18/02/2022,13154.17,69650.1,4.010262,3.484903,3.677077,3.869069
21/02/2022,13120.44,68876.9,3.992964,3.476979,3.664289,3.856869
22/02/2022,13005.04,69058.61,3.977865,3.466396,3.651337,3.845131
23/02/2022,12827.4,68369.73,3.969282,3.457006,3.642451,3.827504
24/02/2022,12816.78,67235.99,3.947769,3.444831,3.625086,3.827193
25/02/2022,13145.72,67719.42,3.944752,3.441627,3.622254,3.807038
28/02/2022,13137.03,69624.29,4.009912,3.48273,3.675295,3.886353
01/03/2022,12929.27,70584.1,4.040605,3.495665,3.697096,3.901618
02/03/2022,13077.55,71057.56,4.045695,3.49557,3.699407,3.903741
03/03/2022,12983.02,70882.48,4.0438,3.490421,3.696327,3.894634
04/03/2022,12781.08,68357.85,3.96135,3.447344,3.633035,3.843889
07/03/2022,12441.75,67143.64,3.904278,3.403321,3.582503,3.794132
08/03/2022,12347.3,66302.29,3.85353,3.36283,3.536716,3.744691
09/03/2022,12720.01,66484.69,3.853938,3.367623,3.539669,3.724505
10/03/2022,12678.4,67572.11,3.910111,3.403517,3.586057,3.775146
11/03/2022,12540.02,67331.1,3.922881,3.4136,3.597712,3.77754
14/03/2022,12482.26,65500.56,3.875143,3.384174,3.558701,3.745777
15/03/2022,12656.56,64292.26,3.840356,3.366201,3.532205,3.717149
16/03/2022,12968.81,66971.88,3.92536,3.415634,3.600045,3.774535
17/03/2022,13170.86,67570.25,3.937735,3.422805,3.609896,3.778837
18/03/2022,13300.4,68275.27,3.946032,3.424626,3.614874,3.789363
22/03/2022,13432.92,69145.89,4.004533,3.456809,3.660822,3.852906
23/03/2022,13311.91,68235.42,3.990022,3.451023,3.650671,3.845472
24/03/2022,13440.36,67690.25,3.969408,3.437459,3.633689,3.815207
25/03/2022,13475.54,67578.28,3.966321,3.438688,3.632703,3.817199
28/03/2022,13531.42,67436.21,3.978255,3.446546,3.642609,3.831147
29/03/2022,13748.97,67911.15,3.980893,3.44945,3.645507,3.825265
30/03/2022,13697.22,68529.72,3.996842,3.45721,3.657653,3.837698
31/03/2022,13505.74,68507.85,4.003158,3.459917,3.662038,3.848697
01/04/2022,13523.65,68934.93,4.023435,3.473825,3.679119,3.861179
04/04/2022,13631.52,68940.52,4.021439,3.472761,3.677625,3.85805
05/04/2022,13491.54,68343.65,3.998154,3.460778,3.659918,3.843033
06/04/2022,13327.59,67308.61,3.991262,3.456639,3.654446,3.83928
07/04/2022,13338.55,67003.12,3.989966,3.460501,3.655608,3.834778
08/04/2022,13331.84,67747.07,3.997893,3.460382,3.659506,3.841951
11/04/2022,13157.8,67405.96,3.979282,3.444668,3.642641,3.821319
12/04/2022,13102.62,66780.07,3.953076,3.427152,3.6208,3.792015
13/04/2022,13216.23,66200.31,3.924047,3.410769,3.597915,3.771271
14/04/2022,13108.48,66481.94,3.933421,3.41995,3.606803,3.794082
19/04/2022,13217.21,66867.43,3.966021,3.437063,3.631754,3.823872
20/04/2022,13261.36,66765.06,3.962222,3.436014,3.629042,3.835557
21/04/2022,13109.14,66417.55,3.993751,3.4635,3.658412,3.873731
22/04/2022,12766.81,65385.48,3.982015,3.461089,3.651083,3.873028
25/04/2022,12746.6,62895.89,3.913227,3.424223,3.597446,3.81692
26/04/2022,12452.6,63336.92,3.929082,3.430398,3.608383,3.823495
28/04/2022,12679.58,64551.99,3.943853,3.438331,3.619656,3.828251
29/04/2022,12389.19,65475.55,3.970533,3.44972,3.639056,3.859261
03/05/2022,12456.03,64401.3,3.941597,3.435804,3.617505,3.833422
04/05/2022,12698.47,63573.87,3.917005,3.425442,3.600182,3.81512
05/05/2022,12344.85,62902.26,3.936673,3.440145,3.617076,3.843157
06/05/2022,12250.9,61290.1,3.8481,3.38576,3.545283,3.776337
09/05/2022,11851.87,60161.02,3.849423,3.3897,3.547683,3.783718
10/05/2022,11876.64,60359.4,3.827718,3.365657,3.524996,3.745031
11/05/2022,11768.76,61786.27,3.844412,3.378252,3.539594,3.752749
12/05/2022,11716.37,60641.2,3.814555,3.369275,3.519991,3.731089
13/05/2022,11991.77,61991.97,3.862617,3.396912,3.557844,3.765273
16/05/2022,11960.51,62495.81,3.903588,3.419944,3.590077,3.805818
17/05/2022,12196.44,63026.74,3.901543,3.412707,3.585775,3.786824
18/05/2022,11835.33,62494.43,3.895567,3.410798,3.581765,3.796262
19/05/2022,11778.82,61725.52,3.831919,3.37368,3.53117,3.728687
20/05/2022,11798.6,60999.46,3.864421,3.396024,3.55868,3.748134
23/05/2022,12008.04,61787.53,3.874176,3.400753,3.566211,3.747924
24/05/2022,11912.13,61176.93,3.860499,3.396477,3.557288,3.7421
25/05/2022,11999.86,61176.02,3.832268,3.379895,3.53445,3.724654
26/05/2022,12195.57,63019,3.881829,3.407525,3.573402,3.766084
27/05/2022,12457.68,63882.81,3.912056,3.420903,3.595694,3.784603
30/05/2022,12512.65,65335.09,3.96191,3.453152,3.637205,3.828401
31/05/2022,12408.09,65431.16,3.977486,3.459188,3.647976,3.849287
01/06/2022,12318.41,64237.1,3.947218,3.440725,3.623771,3.820397
02/06/2022,12513.83,64427.33,3.923119,3.424015,3.603452,3.798806
03/06/2022,12359.28,64318.95,3.941511,3.437383,3.619311,3.817653
06/06/2022,12407.51,64535.61,3.92517,3.426017,3.605526,3.799681
07/06/2022,12477.11,63734.22,3.88699,3.400396,3.57363,3.769882
08/06/2022,12379.57,63449.35,3.887799,3.400544,3.574097,3.772529
09/06/2022,12107.42,62427.08,3.874678,3.395004,3.564631,3.768251
10/06/2022,11751.25,61348.19,3.854867,3.386092,3.549771,3.768148
13/06/2022,11321.37,60074.62,3.819925,3.363375,3.520575,3.748114
14/06/2022,11238.87,59436.5,3.773419,3.332993,3.482227,3.686975
15/06/2022,11376.25,61163.02,3.801734,3.349974,3.505079,3.702377
17/06/2022,11062.29,59082.87,3.762462,3.325158,3.472921,3.660494
20/06/2022,11103.57,60073.83,3.77845,3.335277,3.485876,3.676709
21/06/2022,11319.67,60374.38,3.77482,3.330552,3.481843,3.663123
22/06/2022,11292.65,59414.81,3.751529,3.322991,3.466324,3.660445
23/06/2022,11345.72,59018.91,3.760241,3.330184,3.47417,3.666114
24/06/2022,11659.41,59992.87,3.763034,3.329118,3.474948,3.665071
27/06/2022,11676.34,61524.81,3.817713,3.356567,3.516293,3.723263
28/06/2022,11503,61789.23,3.84078,3.370877,3.535089,3.751364
29/06/2022,11462.24,61553.81,3.828085,3.366451,3.526596,3.739768
30/06/2022,11337.72,60109.04,3.800555,3.351869,3.505266,3.736687
01/07/2022,11399.15,59640.36,3.794613,3.348753,3.50076,3.718041
04/07/2022,11434.85,60901.62,3.814631,3.357796,3.515424,3.727701
05/07/2022,11374.68,58952.59,3.779369,3.345189,3.490917,3.717419
06/07/2022,11407.16,59702.98,3.794328,3.353427,3.50208,3.73834
07/07/2022,11590.63,61771.44,3.848495,3.380046,3.543269,3.772587
08/07/2022,11598.32,62107.37,3.866646,3.393744,3.559229,3.801503
11/07/2022,11459.07,61008.16,3.862289,3.397163,3.558577,3.808372
12/07/2022,11378.37,60964.89,3.84207,3.379539,3.539436,3.789174
13/07/2022,11336.17,60031.68,3.79928,3.355139,3.505547,3.753291
14/07/2022,11231.36,58639.21,3.775977,3.343665,3.487647,3.749656
15/07/2022,11443.97,58905.46,3.778622,3.34143,3.487902,3.740521
18/07/2022,11440.08,60760.87,3.838383,3.375446,3.535206,3.787356
19/07/2022,11710.67,61499.12,3.845734,3.375278,3.538967,3.794261
20/07/2022,11780.3,61379.04,3.861199,3.392955,3.555459,3.817768
21/07/2022,11869.68,61646.59,3.883334,3.410539,3.575601,3.82766
22/07/2022,11811.78,61766.74,3.883139,3.412762,3.576707,3.817259
25/07/2022,11813.93,61432.89,3.875451,3.412342,3.572653,3.802712
26/07/2022,11694.89,62017.11,3.894377,3.42207,3.587047,3.825083
27/07/2022,11920.43,61985.48,3.888403,3.414635,3.580262,3.818111
28/07/2022,12076.48,62169.99,3.900052,3.4254,3.591605,3.824572
29/07/2022,12241.14,62473.81,3.89111,3.428415,3.588468,3.819604
01/08/2022,12254.11,62155.49,3.88649,3.422041,3.583055,3.821597
02/08/2022,12160.75,61588.2,3.874998,3.423818,3.578069,3.817555
03/08/2022,12281.08,62199.1,3.914762,3.447433,3.609567,3.851079
04/08/2022,12311.44,62327.03,3.919266,3.455291,3.615757,3.850329
05/08/2022,12269.81,63114.01,3.934647,3.463177,3.627266,3.868096
08/08/2022,12300.06,63770.91,3.951877,3.468736,3.63918,3.867279
10/08/2022,12500.06,63161.18,3.929022,3.4551,3.621409,3.829981
11/08/2022,12499.57,64616.68,3.975767,3.488802,3.66191,3.863052
12/08/2022,12645.58,63996.11,3.979694,3.489395,3.664185,3.873632
15/08/2022,12681.64,64021.6,3.990151,3.493825,3.671391,3.899492
16/08/2022,12690.87,64726.06,4.010935,3.50412,3.687001,3.918251
17/08/2022,12596.87,64167.49,4.015724,3.508348,3.691315,3.936349
18/08/2022,12615.76,64183.99,4.019487,3.513045,3.695401,3.940682
19/08/2022,12443.27,62974.06,3.988862,3.497493,3.671823,3.931832
22/08/2022,12214.35,62482.18,3.975998,3.488051,3.660652,3.91841
23/08/2022,12188.99,63032.89,3.961646,3.474258,3.646574,3.895276
24/08/2022,12214.52,63079.74,3.965588,3.480764,3.651772,3.895133
25/08/2022,12360.22,63685.65,3.974125,3.484755,3.658292,3.891621
26/08/2022,12030.84,63507.94,3.994122,3.495671,3.67393,3.910909
29/08/2022,11916.03,62546.78,3.947925,3.470117,3.637928,3.865336
30/08/2022,11812.74,61321.55,3.91489,3.448892,3.610379,3.840279
31/08/2022,11734.16,60735.7,3.897966,3.438957,3.596675,3.836686
01/09/2022,11662.26,59516.37,3.867593,3.422766,3.573159,3.818402
02/09/2022,11640.54,60854.02,3.886235,3.434484,3.588294,3.828278
05/09/2022,11602.98,60843.9,3.911802,3.45254,3.610411,3.839383
06/09/2022,11551.22,60943.44,3.901241,3.441812,3.599494,3.837473
07/09/2022,11681.84,60174.38,3.87794,3.43056,3.58221,3.823716
08/09/2022,11782.08,60637.95,3.91028,3.453218,3.609537,3.855016
09/09/2022,11991.77,62126.76,3.947232,3.470348,3.637013,3.877191
12/09/2022,12153.2,63111.95,3.970387,3.485702,3.656579,3.891084
13/09/2022,11708.65,61706.56,3.959824,3.488333,3.652035,3.904018
14/09/2022,11703.56,61385.53,3.939194,3.471238,3.63342,3.876833
15/09/2022,11589.36,60991.46,3.938502,3.470535,3.632604,3.872484
16/09/2022,11488.04,60013.72,3.912128,3.461123,3.614396,3.859027
19/09/2022,11538.61,59967.3,3.89795,3.450507,3.601685,3.849337
20/09/2022,11420.12,60119.49,3.904385,3.450186,3.604876,3.856457
21/09/2022,11254.12,59817.68,3.889285,3.438804,3.591728,3.835285
22/09/2022,11132.73,58852.41,3.859733,3.422474,3.568721,3.801909
23/09/2022,10905.51,57109.52,3.803309,3.38458,3.520868,3.776085
26/09/2022,10771.12,57289.97,3.794465,3.375436,3.511861,3.764766
27/09/2022,10751.3,57621.38,3.803853,3.380822,3.519588,3.756953
28/09/2022,10908.18,57413.11,3.788176,3.366902,3.50485,3.751007
29/09/2022,10749.33,56920.94,3.792887,3.374244,3.510612,3.766507
30/09/2022,10648.16,57389.7,3.790904,3.369497,3.50749,3.755008
03/10/2022,10877.94,57849.66,3.797122,3.377443,3.514481,3.755042
04/10/2022,11244.86,59839.46,3.846282,3.405688,3.553648,3.785824
05/10/2022,11193.48,59202.29,3.866981,3.422858,3.572193,3.828747
06/10/2022,11098.79,59416.01,3.882511,3.435131,3.586305,3.837821
07/10/2022,10827.39,59279.98,3.870721,3.4291,3.576962,3.839088
10/10/2022,10728.43,58385.4,3.854091,3.415255,3.561744,3.811583
11/10/2022,10642.01,58208.74,3.835891,3.405378,3.547531,3.797551
12/10/2022,10603.69,58177.44,3.837918,3.403062,3.547274,3.80216
13/10/2022,10801.9,57960.88,3.839543,3.406063,3.549367,3.810156
14/10/2022,10645.24,57844.49,3.854173,3.412947,3.560584,3.818504
17/10/2022,10892.46,59638.26,3.864812,3.413861,3.56668,3.811336
18/10/2022,11009.2,59829.23,3.893681,3.433374,3.59088,3.84526
19/10/2022,10926.09,59209.55,3.882588,3.431692,3.584035,3.853797
20/10/2022,10882.1,59347.28,3.866987,3.420956,3.570809,3.837673
21/10/2022,11030.85,59091.06,3.873004,3.416336,3.57158,3.844332
24/10/2022,11168.17,58461.97,3.86454,3.418618,3.568188,3.848252
25/10/2022,11367.75,59268,3.894082,3.438669,3.593282,3.864648
26/10/2022,11359.73,60566.29,3.928903,3.460138,3.621634,3.887279
27/10/2022,11305.8,60469.9,3.933749,3.461789,3.625024,3.885791
28/10/2022,11474.56,59687.06,3.93814,3.468084,3.630201,3.895039
31/10/2022,11415.73,60030.53,3.959285,3.482143,3.647517,3.926155
01/11/2022,11409.92,60799.41,3.974413,3.491243,3.660011,3.931004
02/11/2022,11201.16,60512.8,3.971652,3.491357,3.658675,3.929771
03/11/2022,11059.32,59504.05,3.944536,3.47851,3.638084,3.916823
04/11/2022,11237.3,62769.28,3.972082,3.484252,3.655813,3.905907
07/11/2022,11356.51,62812.67,3.995328,3.499656,3.675547,3.915153
08/11/2022,11451.98,62408.05,4.003176,3.508696,3.68384,3.932317
09/11/2022,11251.38,63027.83,4.006228,3.511487,3.686725,3.936529
10/11/2022,11821.13,64087.41,3.991237,3.496924,3.67225,3.899833
11/11/2022,11989.7,66453.08,4.053421,3.543121,3.726917,3.948238
14/11/2022,11901.68,66289.27,4.070365,3.554433,3.740901,3.974331
15/11/2022,12011.72,66524.92,4.061572,3.544822,3.731821,3.961666
16/11/2022,11921.01,66222.28,4.069538,3.551,3.738676,3.979094
17/11/2022,11855.26,65831.78,4.057483,3.547078,3.730174,3.98052
18/11/2022,11929.98,66227.03,4.061285,3.542943,3.730487,3.966116
21/11/2022,11848.94,65590.86,4.054757,3.542789,3.726883,3.969503
22/11/2022,12006.39,65853.53,4.058003,3.542957,3.728792,3.964503
23/11/2022,12105.21,66521.48,4.064947,3.548861,3.735384,3.966743
24/11/2022,12144.65,66764.87,4.079148,3.560946,3.748718,3.973137
25/11/2022,12134.53,66753.48,4.093822,3.568283,3.759485,3.996223
28/11/2022,11976.51,66993.69,4.087011,3.563719,3.753748,3.990644
29/11/2022,11954.06,66815.87,4.057523,3.544609,3.729656,3.955737
30/11/2022,12215.11,68564.29,4.100968,3.565078,3.761704,3.984385
01/12/2022,12307.77,68867.7,4.14653,3.591571,3.796029,4.098684
02/12/2022,12272.37,68237.46,4.105738,3.57649,3.768373,4.04742
05/12/2022,12107.69,68543.44,4.119966,3.583117,3.779203,4.039388
06/12/2022,11954.96,68419.79,4.110792,3.576687,3.771242,4.031222
07/12/2022,11920.61,67863.45,4.075763,3.550993,3.740988,3.992336
08/12/2022,11993.38,68281.75,4.090537,3.566814,3.756281,3.997724
09/12/2022,11960.43,68350.46,4.105601,3.575168,3.767842,4.021615
12/12/2022,12053.5,68277.93,4.113586,3.581509,3.774691,4.038781
13/12/2022,12197.45,69675.69,4.134177,3.590496,3.789707,4.056312
14/12/2022,12153.45,68179.52,4.109112,3.586795,3.775319,4.025327
15/12/2022,11847.05,66897.11,4.083826,3.577533,3.757683,4.011415
19/12/2022,11618.98,67261.97,4.076781,3.568511,3.749922,3.980985
20/12/2022,11650.61,66921.51,4.072543,3.566657,3.746757,3.979783
21/12/2022,11804.72,67672.38,4.083644,3.568717,3.753521,3.984337
22/12/2022,11662.83,67100.07,4.079576,3.566196,3.750388,3.98409
23/12/2022,11707.92,67323.76,4.081707,3.56754,3.752036,3.987886
28/12/2022,11573.61,68157.48,4.103664,3.580504,3.769293,4.012306
29/12/2022,11742.32,67497.42,4.059675,3.550854,3.732781,3.967941
30/12/2022,11700.99,66955.47,4.05935,3.554741,3.734492,3.972212
03/01/2023,11693.93,68360.71,4.090229,3.575824,3.760514,4.000217
04/01/2023,11799.73,68530.46,4.087967,3.575012,3.759209,3.986366
05/01/2023,11667.92,69395.65,4.132019,3.607574,3.797477,4.040477
06/01/2023,11915.75,70810.32,4.155647,3.617552,3.814464,4.057052
09/01/2023,11977.9,72223.3,4.200908,3.648338,3.852862,4.08105
10/01/2023,12014.02,71833.49,4.200749,3.652346,3.854415,4.092896
11/01/2023,12147.1,72383.97,4.211812,3.657128,3.862558,4.097626
12/01/2023,12235.19,72486.23,4.214331,3.656081,3.863627,4.088006
13/01/2023,12305.77,73193.28,4.234359,3.672981,3.881783,4.114107
16/01/2023,12306.6,73046.65,4.242746,3.67627,3.88737,4.136196
17/01/2023,12309.18,73281.62,4.241894,3.678887,3.888102,4.141841
18/01/2023,12206.16,73757.69,4.246995,3.681781,3.892379,4.131085
19/01/2023,12080.31,73329.04,4.250934,3.689226,3.897573,4.147662
20/01/2023,12260.79,73192.92,4.237667,3.679884,3.886377,4.129582
23/01/2023,12394.39,74023.77,4.273672,3.699595,3.914342,4.163813
24/01/2023,12399.1,73952.28,4.286572,3.712679,3.927212,4.185069
25/01/2023,12402.97,73712.45,4.268394,3.70536,3.914403,4.165987
26/01/2023,12497.51,74479.77,4.295311,3.722056,3.936378,4.180485
27/01/2023,12534.83,74766.05,4.304486,3.725229,3.942525,4.196384
30/01/2023,12416.34,74343.78,4.294492,3.721691,3.935382,4.201677
31/01/2023,12532.09,73431.04,4.275175,3.709982,3.919748,4.182759
01/02/2023,12644.37,73723.26,4.276199,3.711032,3.921026,4.179993
02/02/2023,12815.31,73629.3,4.287477,3.716731,3.929763,4.178627
03/02/2023,12693.94,74082.09,4.318975,3.742786,3.957911,4.225433
06/02/2023,12572.48,73489.37,4.315951,3.743872,3.956515,4.239858
07/02/2023,12693.72,73434.08,4.303572,3.733126,3.945076,4.22613
08/02/2023,12610.63,73968.07,4.313258,3.740593,3.953729,4.234231
09/02/2023,12560.5,74037.05,4.312472,3.738963,3.952609,4.227087
10/02/2023,12533.23,73017.05,4.292323,3.729083,3.93718,4.223748
13/02/2023,12652.11,73757.01,4.311764,3.740767,3.952785,4.240338
14/02/2023,12664.79,73824.35,4.310784,3.739794,3.951996,4.232425
15/02/2023,12680.04,73462.98,4.315012,3.744568,3.956216,4.254938
16/02/2023,12570.1,74196.28,4.336004,3.75796,3.973377,4.279361
17/02/2023,12523.32,73231.61,4.310245,3.738538,3.950738,4.256348
20/02/2023,12538.78,73786.51,4.312637,3.738911,3.952114,4.255206
21/02/2023,12345.81,72785.85,4.290575,3.72623,3.934433,4.249878
22/02/2023,12303.76,72154.82,4.272898,3.71683,3.920905,4.221916
23/02/2023,12335.38,72948.4,4.295372,3.727023,3.93733,4.24048
24/02/2023,12198.36,70884.68,4.283612,3.731928,3.933633,4.236133
27/02/2023,12266.52,71518.04,4.276333,3.725869,3.927001,4.227395
28/02/2023,12235.69,71693.89,4.290652,3.734098,3.938255,4.24047
01/03/2023,12201.33,72603.99,4.299051,3.735816,3.943578,4.232365
02/03/2023,12262.44,71584.49,4.267723,3.718877,3.919163,4.217985
03/03/2023,12435.85,72318.71,4.279588,3.723478,3.927714,4.221787
06/03/2023,12466.5,72769.42,4.30291,3.74314,3.948982,4.251658
07/03/2023,12287.15,72675.31,4.313423,3.749444,3.957146,4.271774
08/03/2023,12290.74,71868.39,4.285901,3.734419,3.935613,4.251239
09/03/2023,12142.45,71844.69,4.287446,3.735976,3.937088,4.255093
10/03/2023,11990.78,70692.59,4.235844,3.702922,3.894801,4.19671
13/03/2023,11928.87,69731.53,4.181475,3.675428,3.853523,4.137295
14/03/2023,12069.69,69363.58,4.156821,3.66205,3.834254,4.109977
15/03/2023,11908.05,67306.53,4.136436,3.654188,3.819652,4.11789
16/03/2023,12090.57,67445.99,4.117827,3.63895,3.8027,4.094441
17/03/2023,11992.59,67001.16,4.120356,3.640723,3.804904,4.094874
20/03/2023,12092.6,68799.28,4.163483,3.67508,3.843716,4.138282
22/03/2023,12129.81,69756.56,4.188003,3.68478,3.861099,4.158041
23/03/2023,12179.75,70066.09,4.189667,3.681454,3.86058,4.14143
24/03/2023,12161.66,69180.7,4.17584,3.675238,3.850181,4.13688
27/03/2023,12206.91,69785.1,4.195705,3.686303,3.865674,4.155481
28/03/2023,12217.82,70444.91,4.214066,3.693536,3.878848,4.16435
29/03/2023,12375.05,70864.87,4.225057,3.69748,3.886483,4.170163
30/03/2023,12478.59,71089.32,4.226136,3.696321,3.886645,4.16863
31/03/2023,12622.66,70497.7,4.212896,3.693342,3.878578,4.156186
03/04/2023,12678.5,70958.74,4.257488,3.726618,3.916928,4.21866
04/04/2023,12648.33,71693.22,4.281028,3.739164,3.934892,4.238924
05/04/2023,12593.01,70925.8,4.271287,3.735516,3.928074,4.22984
06/04/2023,12623.35,71378.91,4.30111,3.759665,3.954554,4.269194
11/04/2023,12655.4,72252.61,4.320127,3.767048,3.967774,4.286637
12/04/2023,12649.8,71964.65,4.325421,3.771292,3.972574,4.29692
13/04/2023,12804.29,72704.95,4.314727,3.76209,3.96297,4.273254
14/04/2023,12789.56,73133.74,4.335043,3.772717,3.978091,4.295257
17/04/2023,12796.58,73035.7,4.337191,3.774982,3.980085,4.307078
18/04/2023,12835.9,73676.51,4.345337,3.777424,3.985617,4.310496
19/04/2023,12824.6,73243.33,4.329793,3.76752,3.972749,4.300895
20/04/2023,12776.76,73284.15,4.323748,3.762404,3.967329,4.288718
21/04/2023,12779.62,72344.55,4.315305,3.761114,3.962234,4.285338
24/04/2023,12801.02,72510.21,4.310371,3.75485,3.956595,4.282847
25/04/2023,12633.99,72322.99,4.315008,3.764353,3.963257,4.29715
26/04/2023,12590.73,72533.14,4.326401,3.769646,3.971577,4.300491
28/04/2023,12850.38,72582.82,4.337494,3.77778,3.98128,4.312289
02/05/2023,12702.69,71883.89,4.329822,3.776822,3.976693,4.316337
03/05/2023,12672.94,72572.85,4.318637,3.768697,3.967146,4.296368
04/05/2023,12598.61,71700.66,4.291316,3.754739,3.946447,4.272148
05/05/2023,12794.75,72510.48,4.314703,3.770003,3.965679,4.294994
08/05/2023,12820.92,72963.3,4.329018,3.772651,3.974349,4.30953
09/05/2023,12768.53,72233.4,4.321828,3.772545,3.970409,4.317876
10/05/2023,12802.53,72352.66,4.331458,3.778193,3.977719,4.338479
11/05/2023,12771.9,71633.93,4.31786,3.77322,3.967563,4.357889
12/05/2023,12750.92,72961.36,4.336234,3.781424,3.98099,4.371378
15/05/2023,12799.51,72918.29,4.328772,3.77492,3.974251,4.35367
16/05/2023,12722.77,72652.62,4.327334,3.774388,3.973328,4.352927
17/05/2023,12809.12,73189.17,4.329021,3.770584,3.971938,4.370732
18/05/2023,12899.64,72513.94,4.323203,3.772491,3.969811,4.375757
19/05/2023,12912.34,72985.41,4.342261,3.780207,3.983304,4.397104
22/05/2023,12929.33,72763.46,4.32895,3.765846,3.969739,4.377585
23/05/2023,12799.38,71478.89,4.308007,3.753046,3.952743,4.36742
24/05/2023,12672.24,70331.94,4.28074,3.740428,3.932766,4.334794
25/05/2023,12709.35,70971.24,4.312194,3.771663,3.963555,4.372145
26/05/2023,12851.35,71404.27,4.29155,3.755198,3.945246,4.355218
29/05/2023,12862.89,71444.16,4.303041,3.764229,3.955406,4.372507
30/05/2023,12843.8,70921.14,4.30563,3.76532,3.957,4.384127
31/05/2023,12731.91,69997.84,4.28485,3.751426,3.93948,4.366028
01/06/2023,12875.56,70656.08,4.291003,3.755961,3.944808,4.367973
02/06/2023,13066.1,71993.27,4.333574,3.778898,3.978021,4.391621
05/06/2023,13052.38,71421.55,4.317167,3.769851,3.965241,4.371146
06/06/2023,13087.96,71631.94,4.333964,3.78591,3.981628,4.393294
07/06/2023,13036.6,71833.07,4.348085,3.790568,3.991546,4.386173
08/06/2023,13108.95,71696.22,4.33477,3.780692,3.980145,4.367545
09/06/2023,13125.29,71602.07,4.335188,3.779956,3.980087,4.363514
12/06/2023,13218.26,70968.68,4.309725,3.767147,3.960945,4.337234
13/06/2023,13326.69,72485.8,4.352386,3.791325,3.994559,4.372405
14/06/2023,13374.14,72628.89,4.343911,3.782156,3.986077,4.357488
15/06/2023,13498.33,73035.28,4.368269,3.795721,4.004973,4.381095
19/06/2023,13447.32,72530.49,4.36503,3.794702,4.002858,4.377999
20/06/2023,13376.52,71338.62,4.349624,3.785746,3.990326,4.378705
21/06/2023,13323.79,70240.25,4.31456,3.769242,3.96443,4.347046
22/06/2023,13337.04,69749.48,4.303443,3.765221,3.956658,4.341504
23/06/2023,13209.62,69130.75,4.298358,3.769066,3.955581,4.353356
26/06/2023,13176.15,68980.52,4.292095,3.766497,3.951286,4.332836
27/06/2023,13295.81,69357.19,4.286535,3.762317,3.946555,4.318468
28/06/2023,13312.78,69603.16,4.32009,3.786355,3.975183,4.36004
29/06/2023,13356.82,69607.81,4.333124,3.79712,3.986916,4.380575
30/06/2023,13506.74,70705.47,4.362555,3.812582,4.009609,4.40255
03/07/2023,13531.83,70932.92,4.380042,3.82549,4.024696,4.428134
04/07/2023,13530.86,70887.84,4.375164,3.81957,4.019484,4.425245
05/07/2023,13482.3,70587.4,4.374616,3.822708,4.020604,4.428079
06/07/2023,13318.22,68813.08,4.359481,3.816369,4.009304,4.434277
07/07/2023,13318.34,69509.98,4.334435,3.789608,3.983658,4.406972
10/07/2023,13349.64,69098.37,4.323366,3.7851,3.975804,4.39418
11/07/2023,13450.43,69532.28,4.325006,3.783646,3.97627,4.381438
12/07/2023,13605.82,71206.63,4.346003,3.792718,3.99186,4.382467
13/07/2023,13755.33,71995.97,4.373402,3.811517,4.015295,4.387233
14/07/2023,13747.58,72480.19,4.400441,3.831466,4.038353,4.427141
17/07/2023,13765.97,71989.17,4.388767,3.825619,4.029499,4.418383
18/07/2023,13859.68,71858.37,4.371492,3.814426,4.015505,4.392562
19/07/2023,13884.7,71859.33,4.3788,3.821391,4.022558,4.399641
20/07/2023,13802.26,71806.48,4.381548,3.821691,4.024095,4.402578
21/07/2023,13797.77,71578.77,4.369164,3.815207,4.014566,4.390732
24/07/2023,13838.33,71524.42,4.358381,3.809177,4.006166,4.375566
25/07/2023,13875.07,72212.09,4.361485,3.806495,4.006683,4.368344
26/07/2023,13872.12,72250.89,4.37009,3.813191,4.014327,4.383705
27/07/2023,13826.3,72871.47,4.393831,3.827563,4.033631,4.397762
28/07/2023,13934.14,73120.28,4.400312,3.830276,4.038554,4.395086
31/07/2023,13963.89,73634.07,4.423771,3.845724,4.057896,4.424738
01/08/2023,13892.82,73286.24,4.447798,3.864989,4.078919,4.463332
02/08/2023,13674.08,71164.44,4.422763,3.857104,4.061906,4.464791
03/08/2023,13628,71431.29,4.41679,3.854801,4.057432,4.467373
04/08/2023,13612.5,71603.86,4.405749,3.844853,4.047381,4.44305
07/08/2023,13691.63,71586.14,4.416978,3.855763,4.058272,4.457113
08/08/2023,13620.36,71341.31,4.437366,3.87483,4.077551,4.486601
10/08/2023,13610.11,72215.94,4.457576,3.882436,4.091921,4.483624
11/08/2023,13556.72,71434.25,4.444712,3.878353,4.083087,4.486962
14/08/2023,13577,70633.37,4.426652,3.86917,4.06907,4.48663
15/08/2023,13447.83,70045.37,4.417316,3.862036,4.060803,4.484649
16/08/2023,13346.89,69342.57,4.396122,3.851115,4.044727,4.459892
17/08/2023,13240.86,68878.76,4.365089,3.829861,4.018655,4.427841
18/08/2023,13222.14,67620.79,4.32639,3.804797,3.986648,4.39962
21/08/2023,13281.79,68284.71,4.339072,3.80852,3.994922,4.402906
22/08/2023,13276.01,67797.63,4.321965,3.796915,3.980738,4.384022
23/08/2023,13406.42,68404.39,4.315339,3.793236,3.975972,4.361069
24/08/2023,13263.89,68637.1,4.352358,3.821823,4.008566,4.397334
25/08/2023,13291.16,68162.29,4.340629,3.814433,3.999093,4.379173
28/08/2023,13399.76,69370.36,4.361328,3.825577,4.015118,4.395474
29/08/2023,13582.12,69093.97,4.353354,3.820153,4.008389,4.390453
30/08/2023,13657.42,69516.14,4.375006,3.835412,4.02686,4.415463
31/08/2023,13636.08,69278.44,4.394272,3.852073,4.044504,4.449188
01/09/2023,13652.58,69069.25,4.384522,3.847055,4.037056,4.438625
04/09/2023,13656.04,69662.43,4.41929,3.866089,4.0637,4.482882
05/09/2023,13580.28,69322.26,4.411146,3.86405,4.058314,4.488558
06/09/2023,13500.09,68754.21,4.394865,3.853408,4.044857,4.475316
07/09/2023,13462.74,67583.93,4.360291,3.834695,4.01815,4.442455
08/09/2023,13471.14,68020.84,4.354672,3.829135,4.012653,4.431085
11/09/2023,13565.77,68518.46,4.357496,3.825491,4.012478,4.424212
12/09/2023,13504.14,68540.41,4.366211,3.832863,4.02034,4.440098
13/09/2023,13508.85,67777.55,4.333042,3.810779,3.99264,4.405207
14/09/2023,13630.21,68806.22,4.354282,3.823755,4.009803,4.425296
15/09/2023,13531.37,69029.17,4.382491,3.841749,4.033011,4.456849
18/09/2023,13509.57,68299.44,4.350747,3.823756,4.007876,4.429205
19/09/2023,13486.96,68041.26,4.35134,3.822418,4.007623,4.424143
20/09/2023,13420.77,68995.31,4.360373,3.822127,4.012331,4.419483
21/09/2023,13191.21,67430.92,4.339457,3.814764,3.997631,4.414292
22/09/2023,13163.01,67680.65,4.311406,3.786484,3.969734,4.372181
26/09/2023,13003.7,66857.83,4.301585,3.783255,3.962849,4.379317
27/09/2023,12985.68,66371.27,4.301815,3.784322,3.963368,4.3808
28/09/2023,13064.13,66679.05,4.285435,3.767676,3.946858,4.370949
29/09/2023,13052.6,66500.11,4.288745,3.770959,3.950426,4.361032
02/10/2023,12986.5,65417.44,4.294613,3.786604,3.960342,4.392104
03/10/2023,12808.13,65050.39,4.276687,3.776408,3.946204,4.384973
04/10/2023,12859.58,64882.3,4.258548,3.764348,3.931185,4.364781
05/10/2023,12887.07,65546.19,4.299312,3.792511,3.965322,4.406867
06/10/2023,13020.23,65926.41,4.300274,3.794698,3.966883,4.406271
09/10/2023,13082.18,65967.35,4.312671,3.802644,3.977383,4.415839
10/10/2023,13215.95,68119.04,4.335304,3.810535,3.993164,4.415285
11/10/2023,13269.5,68080.49,4.345015,3.815099,4.000652,4.414188
12/10/2023,13200.03,67600.06,4.351066,3.825196,4.008408,4.428366
13/10/2023,13099.83,67153.07,4.328223,3.807354,3.988111,4.408074
16/10/2023,13206.34,67369.78,4.313499,3.795454,3.97458,4.388201
17/10/2023,13221.32,67120.18,4.311301,3.794946,3.973148,4.394381
18/10/2023,13053.22,66310.9,4.307615,3.794558,3.970935,4.400773
19/10/2023,12928.72,65319.78,4.289911,3.785376,3.957155,4.384021
20/10/2023,12776.98,64598.64,4.252948,3.762623,3.926914,4.3474
23/10/2023,12756.58,64340.67,4.242363,3.756723,3.918471,4.329122
24/10/2023,12826.42,64849.33,4.254268,3.768649,3.930423,4.335817
25/10/2023,12690.37,64556.37,4.2658,3.778208,3.940983,4.350222
26/10/2023,12547.96,64267.78,4.237471,3.760826,3.9181,4.318219
27/10/2023,12507.29,63785.89,4.215512,3.745089,3.899184,4.284449
30/10/2023,12625.33,64243.68,4.221008,3.746641,3.902679,4.287997
31/10/2023,12676.97,63873.91,4.212521,3.742306,3.89619,4.277232
01/11/2023,12809.41,63887.58,4.217851,3.747132,3.901423,4.284396
02/11/2023,13062.23,65437.25,4.246552,3.76618,3.92566,4.290779
03/11/2023,13205.79,66916.23,4.308443,3.80263,3.975017,4.337019
06/11/2023,13232.15,67353.06,4.322905,3.813168,3.98716,4.359066
07/11/2023,13222.98,65630.37,4.296909,3.800658,3.967662,4.349705
08/11/2023,13228.08,66557.34,4.312628,3.813956,3.98186,4.362334
09/11/2023,13187.88,66351.8,4.320909,3.822488,3.990362,4.371325
10/11/2023,13289.27,65434.45,4.31172,3.817905,3.983249,4.37249
13/11/2023,13307.86,65653.66,4.329163,3.828368,3.997219,4.393018
14/11/2023,13580.03,67317.52,4.332142,3.82308,3.996576,4.378725
15/11/2023,13635.96,68691.16,4.392515,3.858826,4.045216,4.413746
16/11/2023,13629.88,67759.75,4.367889,3.851708,4.029056,4.40349
17/11/2023,13686.4,67925.67,4.377718,3.861819,4.038939,4.411686
20/11/2023,13778.71,68245.09,4.39381,3.87335,4.052657,4.428893
21/11/2023,13756.09,68204.11,4.397339,3.881148,4.058347,4.430772
22/11/2023,13778.99,68689.75,4.431563,3.902721,4.085972,4.471666
23/11/2023,13797.95,69340.5,4.450517,3.909892,4.099078,4.49559
24/11/2023,13827.89,69662.79,4.46621,3.920421,4.112072,4.515489
27/11/2023,13795.08,69366.89,4.447596,3.905155,4.09538,4.490647
28/11/2023,13816.18,69574.16,4.452335,3.916047,4.10304,4.491878
29/11/2023,13824.22,69303.49,4.439912,3.910236,4.09392,4.4723
30/11/2023,13871.96,69647.14,4.476831,3.93596,4.124908,4.516946
01/12/2023,13951.04,69800.58,4.457013,3.923416,4.108705,4.504027
04/12/2023,13886.92,69908.27,4.485201,3.943616,4.132748,4.530934
05/12/2023,13872,69134.61,4.468804,3.933432,4.119176,4.524831
06/12/2023,13862.15,69287.64,4.470984,3.934279,4.12074,4.520467
07/12/2023,13939.52,68720.96,4.446468,3.922757,4.102667,4.496076
08/12/2023,13984.65,67667.22,4.45087,3.927488,4.106929,4.511175
11/12/2023,14026.96,67796.69,4.451135,3.928081,4.107295,4.525611
12/12/2023,14078.94,66496.06,4.447511,3.927257,4.104959,4.521836
13/12/2023,14233.5,66563.75,4.455414,3.933189,4.111718,4.533799
14/12/2023,14363.19,69154.73,4.492957,3.947995,4.139094,4.534022
18/12/2023,14375.12,68201.23,4.483128,3.957287,4.138262,4.528972
19/12/2023,14476.9,68708.56,4.473878,3.947435,4.128771,4.52232
20/12/2023,14333.28,68718.28,4.489902,3.956608,4.141607,4.531847
21/12/2023,14440.78,69195.95,4.479454,3.947359,4.131648,4.519014
22/12/2023,14473.72,67966.89,4.471691,3.948525,4.128002,4.521743
27/12/2023,14583.76,70273.03,4.532764,3.981827,4.175486,4.565946
28/12/2023,14598.1,70076.25,4.551429,3.996791,4.192172,4.590662
29/12/2023,14557.83,70494.8,4.545731,3.989452,4.185771,4.579127
02/01/2024,14449.67,69337.93,4.546035,4.000049,4.190199,4.614762
03/01/2024,14313.5,68096.74,4.533986,3.995568,4.181497,4.615119
04/01/2024,14307.67,68195.81,4.512963,3.981247,4.163727,4.589958
05/01/2024,14337.23,68156.39,4.512351,3.981198,4.163291,4.596582
08/01/2024,14489.37,67756.98,4.50251,3.976359,4.155924,4.5819
09/01/2024,14460.67,67347.68,4.515923,3.98811,4.16875,4.59271
10/01/2024,14527.59,67141.68,4.49805,3.981204,4.156155,4.576884
11/01/2024,14508.88,67381.69,4.51931,3.996552,4.174602,4.599055
12/01/2024,14560.19,67844.51,4.512337,3.987555,4.16655,4.589977
15/01/2024,14545.73,67253.56,4.507608,3.990678,4.16549,4.59003
16/01/2024,14458.19,66608.24,4.51205,3.994735,4.169445,4.608773
17/01/2024,14340.77,65353.15,4.4853,3.984934,4.150699,4.597597
18/01/2024,14446.35,66009.28,4.484232,3.980425,4.148072,4.584687
19/01/2024,14594.73,66346.3,4.499047,3.990459,4.160681,4.601271
22/01/2024,14658.41,66028.54,4.503903,4.000499,4.16784,4.617566
23/01/2024,14666.94,67019.59,4.517943,4.00515,4.177432,4.621328
24/01/2024,14725.51,67952.43,4.536107,4.008254,4.188481,4.622293
25/01/2024,14766.41,67586.95,4.538161,4.009993,4.19031,4.62949
26/01/2024,14784.41,68621.01,4.552081,4.015002,4.200063,4.636401
29/01/2024,14877.17,67910.18,4.550836,4.01646,4.200055,4.638021
30/01/2024,14880.07,68099.8,4.559668,4.026404,4.209407,4.656689
31/01/2024,14735.89,68034.46,4.540815,4.009095,4.191249,4.631599
01/02/2024,14835.15,67934.27,4.533417,4.007641,4.186682,4.614146
02/02/2024,14931.49,67838.8,4.559515,4.027634,4.209489,4.645419
05/02/2024,14866.92,67476.47,4.559983,4.031439,4.211178,4.659604
06/02/2024,14917.68,68059.89,4.567722,4.030546,4.214945,4.66749
07/02/2024,15012.33,67775.46,4.559776,4.025009,4.208296,4.656698
08/02/2024,15018.64,67199.91,4.561632,4.028966,4.211012,4.669667
09/02/2024,15090.9,66853.53,4.557622,4.025562,4.207293,4.668804
12/02/2024,15089.12,67202.86,4.549836,4.01978,4.200284,4.67134
13/02/2024,14903.07,66490.08,4.549866,4.021711,4.201149,4.672961
14/02/2024,15022.34,66420.9,4.532034,4.007148,4.18488,4.653086
15/02/2024,15136.62,66708.03,4.536363,4.010076,4.188638,4.656156
16/02/2024,15117.03,67152.57,4.553,4.022378,4.203172,4.670761
19/02/2024,15125.05,67099.9,4.549832,4.02021,4.200403,4.668923
20/02/2024,15068,66513.5,4.535398,4.014046,4.189921,4.657005
21/02/2024,15059.2,66557.7,4.529575,4.014574,4.187275,4.639932
22/02/2024,15326.46,67636.51,4.579179,4.043851,4.227023,4.69137
23/02/2024,15346,67768.63,4.604607,4.061065,4.248262,4.736642
26/02/2024,15308.67,67218.27,4.59103,4.053962,4.23759,4.727113
27/02/2024,15337.12,66776.71,4.563708,4.035584,4.214585,4.700719
28/02/2024,15296.42,65816.62,4.551444,4.032099,4.206443,4.696993
29/02/2024,15366.38,66349.81,4.562656,4.038615,4.21548,4.702519
01/03/2024,15491.03,66337.43,4.570009,4.045205,4.222479,4.708614
04/03/2024,15483.31,66177.64,4.567511,4.042196,4.219793,4.706032
05/03/2024,15368.32,65777.07,4.55346,4.032706,4.208057,4.696162
06/03/2024,15460.72,67122.71,4.556489,4.031016,4.208963,4.682805
07/03/2024,15625.42,67143.77,4.558957,4.032354,4.210874,4.686533
08/03/2024,15575.09,67297.57,4.56719,4.036233,4.217119,4.692762
11/03/2024,15515.11,67124.67,4.556357,4.030426,4.208516,4.684075
12/03/2024,15654.67,67181.43,4.563974,4.03441,4.214364,4.693006
13/03/2024,15650.45,67954.7,4.576838,4.037749,4.222746,4.708066
14/03/2024,15593.13,67011.26,4.56627,4.031639,4.214127,4.705073
15/03/2024,15504.08,66745.72,4.55148,4.020733,4.201148,4.694992
18/03/2024,15585.71,66251.81,4.544543,4.021244,4.197367,4.703595
19/03/2024,15644.33,65607.83,4.526747,4.010136,4.182621,4.68559
20/03/2024,15745.82,66131.94,4.539299,4.018165,4.193162,4.695948
22/03/2024,15810.74,67023.29,4.574711,4.040794,4.222456,4.736513
25/03/2024,15774.68,67032.22,4.568595,4.034776,4.216367,4.727155
26/03/2024,15747.67,67409.47,4.582758,4.041285,4.226822,4.738252
27/03/2024,15854.81,67678.68,4.592736,4.044499,4.233507,4.746997
28/03/2024,15864.37,68346.21,4.613098,4.055535,4.249328,4.769994
02/04/2024,15711.23,68275.31,4.612586,4.057052,4.24965,4.770438
03/04/2024,15740.45,67979.45,4.589522,4.043978,4.231675,4.742842
04/04/2024,15634.41,69211.04,4.622941,4.062826,4.258192,4.76255
05/04/2024,15708.87,68694.72,4.594593,4.048019,4.236195,4.736471
08/04/2024,15738.65,69185.86,4.608943,4.051102,4.245205,4.748417
09/04/2024,15756.49,69282.03,4.618942,4.055772,4.252863,4.749182
10/04/2024,15607.27,69276.72,4.632189,4.069207,4.265857,4.77542
11/04/2024,15661.36,69079.32,4.618333,4.057484,4.253132,4.757483
12/04/2024,15479.14,69208.94,4.632481,4.066518,4.264682,4.779982
15/04/2024,15325.49,68348.49,4.616786,4.054451,4.25046,4.767166
16/04/2024,15231.67,66901.55,4.556339,4.020893,4.202878,4.721398
17/04/2024,15157.68,66899.25,4.562162,4.023736,4.206943,4.715878
18/04/2024,15154.03,67189.65,4.572792,4.037309,4.219432,4.724726
19/04/2024,15041.86,67313.61,4.568341,4.033346,4.215093,4.72345
22/04/2024,15168.4,67496.66,4.582368,4.040479,4.225776,4.728908
23/04/2024,15356.7,68050.58,4.594668,4.0472,4.235341,4.739904
24/04/2024,15361.31,68573.48,4.629476,4.071488,4.264993,4.775731
25/04/2024,15285.55,68437.29,4.594389,4.046738,4.234974,4.743983
26/04/2024,15419.63,69357.67,4.605213,4.044309,4.239718,4.730386
29/04/2024,15476.82,70391.06,4.638301,4.069366,4.269131,4.757029
30/04/2024,15286.59,69924.83,4.641556,4.072632,4.272283,4.760468
02/05/2024,15364.97,69944.03,4.634053,4.066875,4.265758,4.744249
03/05/2024,15549.48,70299.7,4.645717,4.069496,4.273115,4.748981
06/05/2024,15688.42,70651.84,4.643751,4.066323,4.270507,4.742904
07/05/2024,15738.94,70789.82,4.660475,4.083326,4.287168,4.765431
08/05/2024,15711.53,70939.42,4.689744,4.105641,4.312793,4.806986
09/05/2024,15790.68,71339.62,4.682992,4.096276,4.304943,4.793876
10/05/2024,15833.8,72180.82,4.715123,4.11263,4.329536,4.815854
13/05/2024,15842.1,72408.19,4.716235,4.111543,4.329671,4.813076
14/05/2024,15909.41,72372.32,4.733156,4.122679,4.343672,4.832483
15/05/2024,16083.9,73142.16,4.746266,4.13415,4.356142,4.840397
16/05/2024,16073.31,73214,4.757353,4.142107,4.36577,4.84847
17/05/2024,16092.58,73213.76,4.751363,4.138361,4.360859,4.842293
20/05/2024,16116.69,73733.8,4.773095,4.153832,4.379625,4.859619
21/05/2024,16131.4,73438.76,4.758729,4.1432,4.366999,4.842366
22/05/2024,16065.66,73060.63,4.762527,4.147594,4.370987,4.848511
23/05/2024,15977.72,72573.5,4.76983,4.156136,4.378653,4.866669
24/05/2024,16051.22,72746.06,4.75517,4.140585,4.363422,4.856048
27/05/2024,16079.66,72559.4,4.74515,4.135428,4.355745,4.847741
28/05/2024,16064.73,72189.63,4.736565,4.132725,4.350031,4.842167
30/05/2024,15862.73,70942.43,4.703892,4.119551,4.326723,4.826511
31/05/2024,15979.46,70455.35,4.713264,4.128993,4.335629,4.85128
03/06/2024,16019.3,71424.87,4.724857,4.131702,4.343323,4.84336
04/06/2024,16021.47,70562.21,4.71501,4.129125,4.336867,4.840152
05/06/2024,16159.82,70582.69,4.727407,4.141542,4.348795,4.868511
06/06/2024,16191.27,70937.85,4.74668,4.153951,4.364669,4.892151
07/06/2024,16141.58,70531.54,4.735939,4.150572,4.35761,4.877951
10/06/2024,16159.44,69919.66,4.712793,4.139361,4.340304,4.852555
11/06/2024,16148.96,69786.85,4.699138,4.134542,4.331181,4.832625
12/06/2024,16318.09,70706.56,4.717758,4.141178,4.344313,4.832222
13/06/2024,16263.59,69999.55,4.71023,4.14265,4.341125,4.827623
14/06/2024,16209.11,70519.55,4.729699,4.155138,4.357169,4.843382
18/06/2024,16353.51,72863.74,4.778338,4.178382,4.394245,4.849216
19/06/2024,16358.52,73796.46,4.80321,4.199027,4.417317,4.860272
20/06/2024,16340.42,73266.86,4.8013,4.195029,4.414205,4.867089
21/06/2024,16285.92,72857.56,4.782967,4.185309,4.40013,4.845214
24/06/2024,16292.3,73512.36,4.812729,4.203927,4.424357,4.878684
25/06/2024,16347.02,72903.06,4.792098,4.19862,4.410955,4.864508
26/06/2024,16344.64,72563.55,4.79439,4.20271,4.414118,4.869209
27/06/2024,16354.72,72287.12,4.804721,4.207309,4.421799,4.896087
28/06/2024,16309.89,72979.42,4.797105,4.197718,4.412994,4.87828
01/07/2024,16348.88,72805.61,4.824824,4.21605,4.436125,4.898278
02/07/2024,16430.39,72556.5,4.830093,4.22679,4.443596,4.923622
03/07/2024,16545.8,73681.78,4.851777,4.236284,4.459357,4.92869
04/07/2024,16579.15,73991.94,4.862527,4.243906,4.468561,4.934453
05/07/2024,16634.61,73729.27,4.859545,4.246988,4.468523,4.932523
08/07/2024,16643.32,73717.47,4.848847,4.239436,4.459321,4.916981
09/07/2024,16628,73580.41,4.843388,4.237105,4.455315,4.915875
10/07/2024,16789,73478,4.838232,4.234473,4.451446,4.906435
11/07/2024,16754.79,74121.69,4.859197,4.247625,4.468838,4.922486
12/07/2024,16854.12,74702.99,4.880655,4.263367,4.487443,4.938042
15/07/2024,16864.93,75185.83,4.900775,4.284344,4.507578,4.972113
16/07/2024,16927.1,74057.76,4.881463,4.27208,4.49178,4.948165
17/07/2024,16763.79,73463.9,4.882425,4.273093,4.492564,4.955458
18/07/2024,16634.2,73351.72,4.872893,4.2685,4.485441,4.94375
19/07/2024,16513.76,72930.75,4.852173,4.256515,4.468933,4.928547
22/07/2024,16658.55,73476.05,4.861386,4.260821,4.475883,4.924475
23/07/2024,16640.93,73652.16,4.895203,4.286998,4.505882,4.966088
24/07/2024,16339.51,73596.11,4.879717,4.277051,4.493078,4.944949
25/07/2024,16223.22,73687.25,4.859287,4.264361,4.476135,4.922214
26/07/2024,16378.67,74042.43,4.872081,4.266779,4.484114,4.918224
29/07/2024,16390.29,73872.66,4.906752,4.293753,4.515355,4.965209
30/07/2024,16334.13,74092.71,4.896218,4.284448,4.505187,4.951714
31/07/2024,16601.01,75661.56,4.934096,4.306217,4.535307,4.977273
01/08/2024,16353.23,74712.02,4.922904,4.299604,4.526291,4.96665
02/08/2024,16031.69,73449.42,4.876777,4.276909,4.491726,4.925474
05/08/2024,15539.4,72595.1,4.85184,4.27205,4.476801,4.932042
06/08/2024,15717.11,72502.26,4.832718,4.261522,4.46195,4.896196
07/08/2024,15677.56,73357.3,4.84216,4.256718,4.464546,4.877098
08/08/2024,15937,73728.3,4.844003,4.257958,4.466217,4.879745
12/08/2024,16026.84,73645,4.854481,4.266741,4.475728,4.895603
13/08/2024,16285.51,74033.09,4.856208,4.270339,4.478542,4.890479
14/08/2024,16381.33,74395.23,4.890239,4.292094,4.506876,4.918155
15/08/2024,16600.44,75170.13,4.926232,4.314067,4.536238,4.945281
16/08/2024,16677.26,75706.13,4.921234,4.304481,4.52914,4.944541
19/08/2024,16837.86,76665.23,4.954129,4.320531,4.554048,4.968289
20/08/2024,16826.1,76637.97,4.967308,4.32985,4.56527,4.987498
21/08/2024,16896.85,76894.08,4.984309,4.345695,4.581677,5.001134
22/08/2024,16790.32,76411.79,4.990718,4.352799,4.58839,5.013034
23/08/2024,16985.77,76971.36,4.986165,4.34655,4.583071,5.002536
26/08/2024,16950.22,76716.86,4.991011,4.351092,4.587912,5.000555
27/08/2024,16976.76,77095.92,4.990963,4.352876,4.588703,5.002241
28/08/2024,16902.19,76526.15,4.990149,4.354201,4.588909,5.004779
29/08/2024,16908.13,76784.41,4.996504,4.358709,4.594337,5.00761
30/08/2024,17045.47,76290.35,4.968537,4.338552,4.570364,4.986749
02/09/2024,17037.13,76041.39,4.983903,4.350711,4.583796,5.015837
03/09/2024,16741.14,74806.97,4.957832,4.338309,4.564367,5.004553
04/09/2024,16670.6,74533.58,4.928883,4.322801,4.542328,4.964195
05/09/2024,16613.19,74721.8,4.923674,4.322328,4.539695,4.943909
06/09/2024,16386.92,73874.19,4.916029,4.321223,4.535151,4.936701
09/09/2024,16518.12,73924.07,4.916047,4.322725,4.535712,4.934398
10/09/2024,16544.75,74012.68,4.914922,4.323728,4.535363,4.942816
11/09/2024,16669.02,73223.3,4.908075,4.323544,4.531685,4.938242
12/09/2024,16822.47,74089.56,4.927842,4.332456,4.546165,4.955699
13/09/2024,16934.83,74367.5,4.93382,4.333063,4.54989,4.954892
16/09/2024,16964.77,74282.9,4.951093,4.352349,4.567882,4.968349
17/09/2024,16963.99,75175.59,4.973821,4.365548,4.586026,4.983996
18/09/2024,16913.84,74844.95,4.951078,4.351835,4.567816,4.962329
19/09/2024,17193.82,75810.2,4.981782,4.366589,4.591098,4.975887
20/09/2024,17134.9,75830.21,5.003742,4.381856,4.609692,5.006641
23/09/2024,17188.82,76753.46,5.005304,4.378503,4.608942,4.99236
25/09/2024,17224.67,77893.77,5.042999,4.397526,4.637661,5.016036
26/09/2024,17340.62,79226.17,5.100158,4.43073,4.683332,5.060011
27/09/2024,17380.33,79510.6,5.097439,4.427573,4.680488,5.056578
30/09/2024,17364.01,78506.28,5.095913,4.437312,4.684472,5.083816
01/10/2024,17226.82,78580.4,5.116802,4.449439,4.70107,5.107581
02/10/2024,17192.53,79130.18,5.115743,4.444682,4.69808,5.105129
03/10/2024,17145.9,78478.86,5.09279,4.429189,4.678764,5.096971
04/10/2024,17252.48,78282.37,5.088348,4.424799,4.674348,5.09174
07/10/2024,17160.9,78303.35,5.083669,4.418497,4.668984,5.088196
08/10/2024,17233.97,77473,5.066432,4.412523,4.657172,5.080872
09/10/2024,17336.35,77334.1,5.070821,4.419816,4.662815,5.092532
10/10/2024,17313.37,77368.3,5.07772,4.42149,4.66717,5.09486
11/10/2024,17412.48,78006.74,5.086589,4.424407,4.673309,5.091345
14/10/2024,17513.15,78230.44,5.106457,4.436569,4.689346,5.116337
15/10/2024,17397.34,77823.01,5.105359,4.438499,4.689583,5.125459
16/10/2024,17429.69,78303.67,5.111892,4.44105,4.694138,5.12441
17/10/2024,17441.98,78567.58,5.12744,4.44848,4.705507,5.146351
18/10/2024,17513.68,79154.63,5.120987,4.439136,4.697913,5.132915
21/10/2024,17454.65,79046.53,5.138007,4.449546,4.711582,5.150492
22/10/2024,17413.05,78755.46,5.101817,4.426222,4.681755,5.119942
23/10/2024,17255.85,78525.99,5.12828,4.446763,4.705076,5.15123
24/10/2024,17301.11,78880.66,5.129403,4.443052,4.70398,5.140719
25/10/2024,17294.86,78929.38,5.120247,4.443709,4.699615,5.128835
28/10/2024,17345.44,79400.61,5.144265,4.458768,4.71934,5.147491
29/10/2024,17351.45,79132.88,5.135183,4.456137,4.71332,5.138596
30/10/2024,17298.26,78646.69,5.112567,4.439298,4.693398,5.126018
31/10/2024,17023.45,77327.58,5.068683,4.414225,4.658571,5.084425
01/11/2024,17084.25,78091.69,5.080309,4.414711,4.664715,5.085822
04/11/2024,17066.71,78052.33,5.078942,4.414581,4.663984,5.085616
05/11/2024,17238.87,78497.6,5.080762,4.414258,4.664741,5.081975
06/11/2024,17515.35,77232.33,5.079893,4.421115,4.667051,5.10707
07/11/2024,17681.21,77880.84,5.072647,4.412381,4.659658,5.087861
08/11/2024,17702.42,76969.9,5.08966,4.432989,4.678034,5.115462
11/11/2024,17721.9,76638.89,5.105485,4.451853,4.694778,5.148085
12/11/2024,17620.12,76130.88,5.108142,4.458166,4.698857,5.167131
13/11/2024,17592.24,75762.67,5.084301,4.441231,4.678675,5.137068
14/11/2024,17527.7,75786.33,5.110064,4.464572,4.702834,5.172571
15/11/2024,17332.96,75773.36,5.090749,4.451349,4.686747,5.144187
18/11/2024,17397.34,76224.61,5.087758,4.446184,4.682851,5.127464
19/11/2024,17470.38,76300.89,5.09463,4.450203,4.688239,5.136034
20/11/2024,17442.1,76940.98,5.12835,4.472867,4.716917,5.161296
21/11/2024,17541.32,77113.16,5.126988,4.46887,4.714415,5.151041
22/11/2024,17600.19,77151.13,5.139206,4.483565,4.727838,5.167914
25/11/2024,17674.38,76530.52,5.125075,4.476451,4.717009,5.156234
26/11/2024,17715.08,77006.98,5.146503,4.493907,4.736424,5.184657
27/11/2024,17696.11,76710.04,5.143101,4.490443,4.73291,5.184167
28/11/2024,17711.63,76338.98,5.137869,4.49052,4.730123,5.181622
29/11/2024,17810.64,76052.41,5.130103,4.486193,4.724131,5.169421
02/12/2024,17848.01,77278.08,5.177214,4.51466,4.761824,5.215501
03/12/2024,17906.55,77281.22,5.177084,4.514097,4.761706,5.209439
04/12/2024,17998.56,77711.66,5.18818,4.520036,4.770057,5.226605
05/12/2024,17993.63,78286.26,5.197913,4.522103,4.776152,5.229722
06/12/2024,18026.04,78365.23,5.198554,4.520875,4.775959,5.22474
09/12/2024,17946.58,79049.13,5.199886,4.52095,4.776942,5.215668
10/12/2024,17849.23,78703.6,5.196771,4.51916,4.774333,5.217441
11/12/2024,17969.33,78478.82,5.170375,4.498975,4.751276,5.185359
12/12/2024,17893.18,78341.48,5.17672,4.504406,4.757245,5.192689
13/12/2024,17853.77,78481.18,5.204023,4.521934,4.779574,5.218216
17/12/2024,17832.03,77192.96,5.175316,4.512261,4.759638,5.213203
18/12/2024,17403.49,77018.68,5.157908,4.497969,4.743797,5.195933
19/12/2024,17290.03,75920.25,5.124305,4.479412,4.717049,5.169847
20/12/2024,17417.82,75888.86,5.1154,4.472785,4.709204,5.161496
23/12/2024,17521.03,76067.93,5.140561,4.494744,4.732839,5.194405
24/12/2024,17674.36,76320.99,5.170544,4.518298,4.759941,5.225632
27/12/2024,17572.36,76197.46,5.176456,4.527847,4.767792,5.240614
30/12/2024,17402.46,75427.05,5.160845,4.520958,4.755958,5.2296
31/12/2024,17352.12,75381.31,5.185547,4.542182,4.778139,5.265777
02/01/2025,17328.92,75798.55,5.177602,4.535272,4.770965,5.248725
03/01/2025,17492.9,76120.24,5.1918,4.543229,4.781973,5.260003
06/01/2025,17613.96,76176.56,5.18917,4.535968,4.777492,5.249306
07/01/2025,17475.8,75404.49,5.183348,4.539492,4.775913,5.258636
08/01/2025,17469.92,74526.81,5.172471,4.536257,4.768215,5.263069
09/01/2025,17469.77,75124.67,5.183391,4.540224,4.775837,5.270035
10/01/2025,17220.29,74869.92,5.19805,4.552022,4.788655,5.297618
13/01/2025,17204.84,73566.51,5.12751,4.504353,4.729161,5.237193
14/01/2025,17240.25,73714.83,5.122351,4.50064,4.725114,5.219917
15/01/2025,17531.86,75073.63,5.140934,4.506007,4.737558,5.225014
16/01/2025,17543.51,75255.72,5.175945,4.534389,4.769022,5.265133
17/01/2025,17688.92,76232.04,5.20337,4.548742,4.790132,5.283089
20/01/2025,17738.75,76326.7,5.197681,4.542039,4.78412,5.273219
21/01/2025,17874.38,76465.93,5.207369,4.551739,4.793933,5.279178
22/01/2025,17972.5,76273.17,5.213583,4.55744,4.799994,5.283742
23/01/2025,18056.92,75640.24,5.196099,4.552048,4.788111,5.281598
24/01/2025,18061.01,75976.83,5.199492,4.54728,4.788114,5.27682
27/01/2025,17858.04,76109.89,5.215864,4.564604,4.804225,5.31062
28/01/2025,17965.39,76344.53,5.216391,4.564534,4.804373,5.29842
29/01/2025,17928.92,77184.3,5.250154,4.586629,4.832829,5.326586
30/01/2025,18046.64,77475.85,5.238504,4.57534,4.821518,5.308257
31/01/2025,17968.35,77802,5.268027,4.595532,4.846203,5.347617
03/02/2025,17781.57,77473.38,5.263579,4.594357,4.842858,5.359571
04/02/2025,17921.37,78342.44,5.279733,4.600414,4.854321,5.361444
05/02/2025,18025.87,78558.2,5.275854,4.597637,4.851168,5.346594
06/02/2025,18097.96,79266.74,5.298538,4.608898,4.868247,5.362482
07/02/2025,17952.67,79635.52,5.296307,4.606842,4.866345,5.356838
10/02/2025,18054.34,79921.64,5.289078,4.59518,4.857072,5.343622
11/02/2025,18058.7,79765.17,5.290049,4.600186,4.859769,5.355235
12/02/2025,18028.39,80141.71,5.305384,4.610431,4.872648,5.367824
13/02/2025,18245.12,80067.17,5.306832,4.609573,4.873009,5.368993
14/02/2025,18271.27,80972.26,5.320358,4.6157,4.883044,5.373157
17/02/2025,18286.77,80697.57,5.317226,4.618679,4.882638,5.380027
18/02/2025,18329.04,81413.51,5.344811,4.633189,4.903954,5.39796
19/02/2025,18311.76,80772.77,5.338372,4.630357,4.898985,5.407088
20/02/2025,18253.2,81367.39,5.339434,4.630416,4.899632,5.404413
21/02/2025,18016.86,81391.76,5.336101,4.627107,4.896394,5.392001
24/02/2025,17947.58,79920.35,5.295157,4.605787,4.864941,5.349184
25/02/2025,17883.12,80282.5,5.294714,4.607089,4.865287,5.34629
26/02/2025,17915.08,80854.97,5.307751,4.616475,4.87642,5.352427
27/02/2025,17664.44,79881.91,5.292727,4.609527,4.865172,5.345787
28/02/2025,17844.25,78549.06,5.255353,4.587524,4.835278,5.318007
03/03/2025,17681.44,80196.23,5.308942,4.620826,4.879901,5.368452
04/03/2025,17468.05,79453.53,5.277875,4.606584,4.856558,5.33434
05/03/2025,17717.27,80406.51,5.274074,4.59697,4.849637,5.312392
06/03/2025,17502.1,80950.99,5.294873,4.603727,4.863032,5.328495
07/03/2025,17548.3,81180.42,5.271343,4.58654,4.841717,5.304792
10/03/2025,17133.79,79922.73,5.265319,4.587229,4.839476,5.303264
11/03/2025,17003.2,79733.76,5.225965,4.561533,4.806951,5.254468
12/03/2025,17096.92,79557.92,5.237112,4.56961,4.817649,5.26877
13/03/2025,16895.09,79860.11,5.235415,4.570548,4.817381,5.270482
14/03/2025,17207.92,80678.04,5.219799,4.54981,4.797276,5.237861
17/03/2025,17356.92,81213.19,5.231091,4.55343,4.804633,5.240959
18/03/2025,17241.83,81637.21,5.266298,4.575151,4.832689,5.277506
19/03/2025,17379.79,82826.15,5.305321,4.598807,4.86444,5.312157
20/03/2025,17342.39,82093.69,5.2995,4.598755,4.86166,5.319744
24/03/2025,17542.88,81617.41,5.273165,4.581937,4.83961,5.29187
25/03/2025,17595.69,82312.2,5.305252,4.598765,4.864422,5.328381
26/03/2025,17419.5,82541.04,5.329143,4.617191,4.885546,5.350212
27/03/2025,17362.57,82538.43,5.309987,4.605129,4.869673,5.333207
28/03/2025,17085.99,82196.82,5.309086,4.602151,4.867955,5.322111
31/03/2025,17059.75,81410.32,5.285965,4.596271,4.852742,5.307707
01/04/2025,17158.65,82572.8,5.290438,4.596527,4.855423,5.297981
02/04/2025,17249.06,81814.91,5.311796,4.613879,4.87395,5.340017
03/04/2025,16611.76,79111.09,5.25898,4.590647,4.835079,5.327926
04/04/2025,15643.02,74876.28,5.147047,4.52895,4.748018,5.236742
07/04/2025,15364.66,75481.92,5.152178,4.539026,4.754955,5.273788
08/04/2025,15305.36,77245.68,5.139193,4.51774,4.739586,5.185056
09/04/2025,16295.71,75690.62,5.125112,4.511671,4.728726,5.18819
10/04/2025,16098.36,79091.69,5.240755,4.584585,4.824531,5.285879
11/04/2025,16332.46,79448.02,5.226895,4.560936,4.806487,5.262109
